3,11.0,32.0,32.0,0,0,0,0,0,0,0,0.0,0.0,0.0,0,0,0,0,0,0,0,3742,1192,1177,0,0,0,0,0,0,0,0.015625,-0.703125,-0.140625,0,0,0,0,0,0,0,0.515625,1.32421875,1.49414062,0,0,0,0,0,0,0,background
3,11.0,32.0,32.0,0,0,0,0,0,0,0,0.0,0.0,0.0,0,0,0,0,0,0,0,3736,1210,1189,0,0,0,0,0,0,0,0.015625,-0.703125,-0.140625,0,0,0,0,0,0,0,0.515625,1.32421875,1.49414062,0,0,0,0,0,0,0,background
5,7.0,11.0,32.0,7.0,32.0,0,0,0,0,0,0.0,0.0,0.0,0.0,0.0,0,0,0,0,0,2397,1988,3667,1198,1154,0,0,0,0,0,-0.00976562,-0.1328125,0.015625,-0.703125,-0.140625,0,0,0,0,0,0.328125,0.30078125,0.515625,1.32421875,1.49414062,0,0,0,0,0,background
5,7.0,11.0,32.0,7.0,32.0,0,0,0,0,0,0.0,0.0,0.0,0.0,0.0,0,0,0,0,0,2444,2006,3666,1191,1149,0,0,0,0,0,-0.02148438,-0.1328125,0.015625,-0.65625,-0.140625,0,0,0,0,0,0.328125,0.30078125,0.515625,1.34960938,1.49414062,0,0,0,0,0,background
5,7.0,11.0,32.0,7.0,32.0,0,0,0,0,0,0.0,0.0,0.0,0.0,0.0,0,0,0,0,0,2481,2011,3826,1189,1165,0,0,0,0,0,-0.00976562,-0.1328125,0.015625,-0.65625,-0.140625,0,0,0,0,0,0.328125,0.30078125,0.515625,1.34960938,1.49414062,0,0,0,0,0,background
5,7.0,11.0,32.0,7.0,32.0,0,0,0,0,0,0.0,0.0,0.0,0.0,0.0,0,0,0,0,0,2487,2024,3813,1182,1157,0,0,0,0,0,-0.00976562,-0.1328125,0.015625,-0.65625,-0.140625,0,0,0,0,0,0.328125,0.30078125,0.515625,1.34960938,1.49414062,0,0,0,0,0,background
5,7.0,11.0,32.0,7.0,32.0,0,0,0,0,0,0.0,0.0,0.0,0.0,0.0,0,0,0,0,0,2541,2053,3817,1179,1146,0,0,0,0,0,-0.00976562,-0.1328125,0.015625,-0.65625,-0.140625,0,0,0,0,0,0.328125,0.30078125,0.515625,1.34960938,1.49414062,0,0,0,0,0,background
5,7.0,11.0,32.0,7.0,32.0,0,0,0,0,0,0.0,0.0,0.0,0.0,0.0,0,0,0,0,0,2554,2026,3762,1181,1142,0,0,0,0,0,-0.02148438,-0.1328125,0.015625,-0.703125,-0.140625,0,0,0,0,0,0.328125,0.30078125,0.515625,1.32421875,1.49414062,0,0,0,0,0,background
5,7.0,11.0,32.0,7.0,32.0,0,0,0,0,0,0.0,0.0,0.0,0.0,0.0,0,0,0,0,0,2549,2011,3748,1178,1147,0,0,0,0,0,-0.02148438,-0.1328125,0.015625,-0.703125,-0.140625,0,0,0,0,0,0.328125,0.30078125,0.515625,1.32421875,1.49414062,0,0,0,0,0,background
5,7.0,11.0,32.0,7.0,32.0,0,0,0,0,0,0.0,0.0,0.0,0.0,0.0,0,0,0,0,0,2627,2065,3704,1182,1156,0,0,0,0,0,-0.02148438,-0.1328125,0.03320312,-0.703125,-0.140625,0,0,0,0,0,0.328125,0.30078125,0.515625,1.32421875,1.49414062,0,0,0,0,0,background
5,7.0,11.0,32.0,7.0,32.0,0,0,0,0,0,0.0,0.0,0.0,0.0,0.0,0,0,0,0,0,2617,2042,3736,1182,1165,0,0,0,0,0,-0.00976562,-0.1328125,0.015625,-0.703125,-0.140625,0,0,0,0,0,0.328125,0.30078125,0.515625,1.32421875,1.49414062,0,0,0,0,0,background
5,7.0,11.0,32.0,7.0,32.0,0,0,0,0,0,0.0,0.0,0.0,0.0,0.0,0,0,0,0,0,2622,2059,3712,1183,1173,0,0,0,0,0,-0.00976562,-0.1328125,0.015625,-0.703125,-0.140625,0,0,0,0,0,0.328125,0.30078125,0.515625,1.32421875,1.49414062,0,0,0,0,0,background
5,7.0,11.0,32.0,7.0,32.0,0,0,0,0,0,0.0,0.0,0.0,0.0,0.0,0,0,0,0,0,2628,2066,3684,1184,1168,0,0,0,0,0,-0.00976562,-0.1328125,0.015625,-0.703125,-0.140625,0,0,0,0,0,0.328125,0.30078125,0.515625,1.32421875,1.49414062,0,0,0,0,0,slideUp
5,7.0,11.0,32.0,7.0,32.0,0,0,0,0,0,0.0,0.0,0.0,0.0,0.0,0,0,0,0,0,2618,2063,3671,1176,1160,0,0,0,0,0,-0.00976562,-0.1328125,0.03320312,-0.703125,-0.140625,0,0,0,0,0,0.328125,0.30078125,0.515625,1.32421875,1.49414062,0,0,0,0,0,slideUp
5,7.0,11.0,32.0,7.0,32.0,0,0,0,0,0,0.0,0.0,0.0,0.0,0.0,0,0,0,0,0,2592,2033,3591,1187,1172,0,0,0,0,0,-0.02148438,-0.1328125,0.03320312,-0.703125,-0.140625,0,0,0,0,0,0.328125,0.30078125,0.515625,1.32421875,1.49414062,0,0,0,0,0,slideUp
5,7.0,11.0,32.0,7.0,32.0,0,0,0,0,0,0.0,0.0,0.0,0.0,0.0,0,0,0,0,0,2576,2011,3539,1200,1170,0,0,0,0,0,-0.02148438,-0.1328125,0.03320312,-0.703125,-0.140625,0,0,0,0,0,0.328125,0.30078125,0.515625,1.32421875,1.49414062,0,0,0,0,0,slideUp
5,7.0,11.0,32.0,7.0,32.0,0,0,0,0,0,0.0,0.0,0.0,0.0,0.0,0,0,0,0,0,2574,2051,3482,1218,1172,0,0,0,0,0,-0.02148438,-0.1328125,0.03320312,-0.703125,-0.140625,0,0,0,0,0,0.328125,0.30078125,0.515625,1.32421875,1.49414062,0,0,0,0,0,slideUp
5,7.0,11.0,32.0,7.0,32.0,0,0,0,0,0,0.0,0.0,0.0,0.0,0.0,0,0,0,0,0,2590,2092,3551,1192,1150,0,0,0,0,0,-0.02148438,-0.1328125,0.03320312,-0.703125,-0.140625,0,0,0,0,0,0.328125,0.30078125,0.515625,1.32421875,1.49414062,0,0,0,0,0,slideUp
5,7.0,11.0,32.0,7.0,32.0,0,0,0,0,0,0.0,0.0,0.0,0.0,0.0,0,0,0,0,0,2613,2104,3571,1195,1152,0,0,0,0,0,-0.02148438,-0.1328125,0.015625,-0.703125,-0.140625,0,0,0,0,0,0.328125,0.30078125,0.515625,1.32421875,1.49414062,0,0,0,0,0,slideUp
5,7.0,11.0,32.0,7.0,32.0,0,0,0,0,0,0.0,0.0,0.0,0.0,0.0,0,0,0,0,0,2616,2096,3560,1190,1148,0,0,0,0,0,-0.02148438,-0.1328125,0.015625,-0.703125,-0.140625,0,0,0,0,0,0.328125,0.30078125,0.515625,1.32421875,1.49414062,0,0,0,0,0,slideUp
5,7.0,11.0,32.0,7.0,32.0,0,0,0,0,0,0.0,0.0,0.0,0.0,0.0,0,0,0,0,0,2618,2069,3561,1193,1145,0,0,0,0,0,-0.02148438,-0.1328125,0.03320312,-0.703125,-0.140625,0,0,0,0,0,0.328125,0.30078125,0.515625,1.32421875,1.49414062,0,0,0,0,0,slideUp
5,7.0,11.0,32.0,7.0,32.0,0,0,0,0,0,0.0,0.0,0.0,0.0,0.0,0,0,0,0,0,2632,2086,3551,1192,1150,0,0,0,0,0,-0.02148438,-0.1328125,0.03320312,-0.703125,-0.140625,0,0,0,0,0,0.328125,0.30078125,0.515625,1.32421875,1.49414062,0,0,0,0,0,slideUp
5,7.0,11.0,32.0,7.0,32.0,0,0,0,0,0,0.0,0.0,0.0,0.0,0.0,0,0,0,0,0,2653,2060,3573,1184,1151,0,0,0,0,0,-0.02148438,-0.1328125,0.03320312,-0.703125,-0.140625,0,0,0,0,0,0.328125,0.30078125,0.515625,1.32421875,1.49414062,0,0,0,0,0,slideUp
5,7.0,11.0,32.0,7.0,32.0,0,0,0,0,0,0.0,0.0,0.0,0.0,0.0,0,0,0,0,0,2676,2051,3704,1172,1160,0,0,0,0,0,-0.00976562,-0.1328125,0.03320312,-0.703125,-0.140625,0,0,0,0,0,0.328125,0.30078125,0.515625,1.32421875,1.49414062,0,0,0,0,0,slideUp
5,7.0,11.0,32.0,7.0,32.0,0,0,0,0,0,0.0,0.0,0.0,0.0,0.0,0,0,0,0,0,2689,2045,3727,1173,1163,0,0,0,0,0,-0.00976562,-0.1328125,0.015625,-0.703125,-0.140625,0,0,0,0,0,0.328125,0.30078125,0.515625,1.32421875,1.49414062,0,0,0,0,0,slideUp
3,11.0,32.0,32.0,0,0,0,0,0,0,0,0.0,0.0,0.0,0,0,0,0,0,0,0,3867,1255,1219,0,0,0,0,0,0,0,0.03320312,-0.140625,-0.65625,0,0,0,0,0,0,0,0.515625,1.49414062,1.34960938,0,0,0,0,0,0,0,slideUp
3,11.0,32.0,32.0,0,0,0,0,0,0,0,0.0,0.0,0.0,0,0,0,0,0,0,0,4019,1328,1253,0,0,0,0,0,0,0,0.03320312,-0.140625,-0.703125,0,0,0,0,0,0,0,0.515625,1.49414062,1.32421875,0,0,0,0,0,0,0,slideUp
3,11.0,32.0,32.0,0,0,0,0,0,0,0,0.0,0.0,0.0,0,0,0,0,0,0,0,4078,1426,1273,0,0,0,0,0,0,0,0.03320312,-0.140625,-0.703125,0,0,0,0,0,0,0,0.515625,1.49414062,1.32421875,0,0,0,0,0,0,0,slideUp
3,11.0,32.0,32.0,0,0,0,0,0,0,0,0.0,0.0,0.0,0,0,0,0,0,0,0,3465,1489,1278,0,0,0,0,0,0,0,0.04882812,-0.140625,-0.703125,0,0,0,0,0,0,0,0.51367188,1.49414062,1.32421875,0,0,0,0,0,0,0,slideUp
5,11.0,32.0,7.0,32.0,7.0,0,0,0,0,0,-1.0,-1.0,0.0,0.0,0.0,0,0,0,0,0,1569,1206,3269,1429,1253,0,0,0,0,0,0.05078125,-0.08203125,0.04882812,-0.140625,-0.703125,0,0,0,0,0,0.32421875,0.31835938,0.51367188,1.49414062,1.32421875,0,0,0,0,0,slideUp
4,11.0,32.0,6.0,32.0,0,0,0,0,0,0,-2.0,0.0,0.0,0.0,0,0,0,0,0,0,1035,3291,1474,1265,0,0,0,0,0,0,0.05273438,0.04882812,-0.140625,-0.703125,0,0,0,0,0,0,0.27539062,0.51367188,1.49414062,1.32421875,0,0,0,0,0,0,slideUp
4,11.0,32.0,6.0,32.0,0,0,0,0,0,0,-1.0,0.0,0.0,0.0,0,0,0,0,0,0,2392,3510,1465,1271,0,0,0,0,0,0,0.04492188,0.03320312,-0.140625,-0.703125,0,0,0,0,0,0,0.27734375,0.515625,1.49414062,1.32421875,0,0,0,0,0,0,slideUp
5,8.0,11.0,32.0,11.0,32.0,0,0,0,0,0,0.0,0.0,0.0,0.0,0.0,0,0,0,0,0,1531,3727,2653,1341,1258,0,0,0,0,0,0.01171875,0.03320312,0.20898438,-0.140625,-0.703125,0,0,0,0,0,0.375,0.515625,0.47070312,1.49414062,1.32421875,0,0,0,0,0,slideUp
5,11.0,32.0,6.0,11.0,32.0,0,0,0,0,0,-1.0,0.0,0.0,0.0,0.0,0,0,0,0,0,2513,3814,3066,1279,1273,0,0,0,0,0,0.04492188,0.015625,0.20898438,-0.140625,-0.703125,0,0,0,0,0,0.27734375,0.515625,0.47070312,1.49414062,1.32421875,0,0,0,0,0,slideUp
5,8.0,11.0,32.0,11.0,32.0,0,0,0,0,0,0.0,0.0,0.0,0.0,0.0,0,0,0,0,0,2507,3943,3286,1273,1232,0,0,0,0,0,0.0,0.015625,0.20898438,-0.703125,-0.140625,0,0,0,0,0,0.375,0.515625,0.47070312,1.32421875,1.49414062,0,0,0,0,0,slideUp
6,11.0,32.0,8.0,11.0,32.0,8.0,0,0,0,0,1.0,1.0,0.0,0.0,0.0,0.0,0,0,0,0,2460,1765,3872,3149,1185,1092,0,0,0,0,0.0,-0.140625,0.03320312,0.20898438,-0.703125,-0.140625,0,0,0,0,0.375,0.34765625,0.515625,0.47070312,1.32421875,1.49414062,0,0,0,0,slideUp
4,11.0,32.0,11.0,32.0,0,0,0,0,0,0,0.0,0.0,0.0,0.0,0,0,0,0,0,0,3582,2957,1137,1028,0,0,0,0,0,0,0.03320312,0.20898438,-0.703125,-0.140625,0,0,0,0,0,0,0.515625,0.47070312,1.32421875,1.49414062,0,0,0,0,0,0,slideUp
4,11.0,32.0,11.0,32.0,0,0,0,0,0,0,0.0,0.0,0.0,0.0,0,0,0,0,0,0,3287,2469,1085,951,0,0,0,0,0,0,0.04882812,0.20898438,-0.65625,-0.09375,0,0,0,0,0,0,0.51367188,0.47070312,1.34960938,1.49804688,0,0,0,0,0,0,slideUp
5,8.0,11.0,32.0,11.0,32.0,0,0,0,0,0,0.0,0.0,0.0,0.0,0.0,0,0,0,0,0,2112,3336,2553,1082,956,0,0,0,0,0,-0.01171875,0.04882812,0.20898438,-0.65625,-0.09375,0,0,0,0,0,0.375,0.51367188,0.47070312,1.34960938,1.49804688,0,0,0,0,0,slideUp
5,8.0,11.0,32.0,11.0,32.0,0,0,0,0,0,0.0,0.0,0.0,0.0,0.0,0,0,0,0,0,2100,3239,2490,1065,943,0,0,0,0,0,-0.01171875,0.04882812,0.20898438,-0.65625,-0.09375,0,0,0,0,0,0.375,0.51367188,0.47070312,1.34960938,1.49804688,0,0,0,0,0,slideUp
5,8.0,11.0,32.0,11.0,32.0,0,0,0,0,0,0.0,0.0,0.0,0.0,0.0,0,0,0,0,0,1794,3213,2494,1066,955,0,0,0,0,0,-0.01171875,0.04882812,0.20898438,-0.703125,-0.09375,0,0,0,0,0,0.375,0.51367188,0.47070312,1.32421875,1.49804688,0,0,0,0,0,slideUp
5,8.0,11.0,32.0,11.0,32.0,0,0,0,0,0,0.0,0.0,0.0,0.0,0.0,0,0,0,0,0,2024,3229,2471,1065,955,0,0,0,0,0,0.0,0.04882812,0.20898438,-0.703125,-0.09375,0,0,0,0,0,0.375,0.51367188,0.47070312,1.32421875,1.49804688,0,0,0,0,0,slideUp
5,8.0,11.0,32.0,11.0,32.0,0,0,0,0,0,0.0,0.0,0.0,0.0,0.0,0,0,0,0,0,2281,3288,2460,1056,958,0,0,0,0,0,0.0,0.04882812,0.2265625,-0.703125,-0.09375,0,0,0,0,0,0.375,0.51367188,0.46289062,1.32421875,1.49804688,0,0,0,0,0,slideUp
5,8.0,11.0,32.0,11.0,32.0,0,0,0,0,0,0.0,0.0,0.0,0.0,0.0,0,0,0,0,0,2210,3289,2464,1066,983,0,0,0,0,0,0.0,0.04882812,0.2265625,-0.703125,-0.09375,0,0,0,0,0,0.375,0.51367188,0.46289062,1.32421875,1.49804688,0,0,0,0,0,background
4,11.0,32.0,11.0,32.0,0,0,0,0,0,0,0.0,0.0,0.0,0.0,0,0,0,0,0,0,3532,2707,1028,933,0,0,0,0,0,0,0.04882812,0.20898438,-0.65625,-0.09375,0,0,0,0,0,0,0.51367188,0.47070312,1.34960938,1.49804688,0,0,0,0,0,0,background
4,11.0,32.0,11.0,32.0,0,0,0,0,0,0,0.0,0.0,0.0,0.0,0,0,0,0,0,0,3774,3053,1038,966,0,0,0,0,0,0,0.03320312,0.20898438,-0.65625,-0.09375,0,0,0,0,0,0,0.515625,0.47070312,1.34960938,1.49804688,0,0,0,0,0,0,background
4,11.0,32.0,11.0,32.0,0,0,0,0,0,0,0.0,0.0,0.0,0.0,0,0,0,0,0,0,4449,3390,1196,1123,0,0,0,0,0,0,0.015625,0.20898438,-0.09375,-0.65625,0,0,0,0,0,0,0.515625,0.47070312,1.49804688,1.34960938,0,0,0,0,0,0,background
4,11.0,32.0,7.0,32.0,0,0,0,0,0,0,-1.0,0.0,0.0,0.0,0,0,0,0,0,0,1730,4361,1135,1088,0,0,0,0,0,0,-0.00976562,0.015625,-0.09375,-0.65625,0,0,0,0,0,0,0.328125,0.515625,1.49804688,1.34960938,0,0,0,0,0,0,background
5,11.0,14.0,32.0,6.0,32.0,0,0,0,0,0,2.0,0.0,0.0,0.0,0.0,0,0,0,0,0,801,4195,2162,1144,1109,0,0,0,0,0,-0.03515625,0.03320312,-0.02148438,-0.09375,-0.65625,0,0,0,0,0,0.27929688,0.515625,0.65625,1.49804688,1.34960938,0,0,0,0,0,background
4,11.0,32.0,6.0,32.0,0,0,0,0,0,0,1.0,0.0,0.0,0.0,0,0,0,0,0,0,2041,4526,1237,1230,0,0,0,0,0,0,0.04492188,0.03320312,-0.65625,-0.09375,0,0,0,0,0,0,0.27734375,0.515625,1.34960938,1.49804688,0,0,0,0,0,0,background
3,11.0,32.0,32.0,0,0,0,0,0,0,0,0.0,0.0,0.0,0,0,0,0,0,0,0,4514,1075,978,0,0,0,0,0,0,0,0.03320312,-0.65625,-0.09375,0,0,0,0,0,0,0,0.515625,1.34960938,1.49804688,0,0,0,0,0,0,0,background
5,11.0,32.0,6.0,32.0,6.0,0,0,0,0,0,1.0,1.0,0.0,0.0,0.0,0,0,0,0,0,1971,1665,4338,1211,1191,0,0,0,0,0,0.01757812,-0.08789062,0.03320312,-0.65625,-0.140625,0,0,0,0,0,0.28125,0.26757812,0.515625,1.34960938,1.49414062,0,0,0,0,0,background
4,11.0,32.0,7.0,32.0,0,0,0,0,0,0,1.0,0.0,0.0,0.0,0,0,0,0,0,0,1331,4009,1452,1349,0,0,0,0,0,0,-0.03125,0.03320312,-0.140625,-0.65625,0,0,0,0,0,0,0.32617188,0.515625,1.49414062,1.34960938,0,0,0,0,0,0,background
5,7.0,11.0,32.0,7.0,32.0,0,0,0,0,0,0.0,0.0,0.0,0.0,0.0,0,0,0,0,0,3107,3052,4009,1432,1269,0,0,0,0,0,-0.0625,0.07226562,0.03320312,-0.140625,-0.703125,0,0,0,0,0,0.32226562,0.3203125,0.515625,1.49414062,1.32421875,0,0,0,0,0,background
6,7.0,11.0,14.0,32.0,7.0,32.0,0,0,0,0,0.0,0.0,0.0,0.0,0.0,0.0,0,0,0,0,3705,2939,3997,2733,1367,1204,0,0,0,0,0.05078125,-0.0625,0.03320312,-0.04101562,-0.140625,-0.703125,0,0,0,0,0.32421875,0.32226562,0.515625,0.65429688,1.49414062,1.32421875,0,0,0,0,background
5,7.0,11.0,32.0,7.0,32.0,0,0,0,0,0,0.0,0.0,0.0,0.0,0.0,0,0,0,0,0,4053,3543,3947,1308,1177,0,0,0,0,0,-0.0625,0.0625,0.03320312,-0.140625,-0.703125,0,0,0,0,0,0.32226562,0.32226562,0.515625,1.49414062,1.32421875,0,0,0,0,0,background
5,7.0,11.0,32.0,7.0,32.0,0,0,0,0,0,0.0,0.0,0.0,0.0,0.0,0,0,0,0,0,3951,3216,3874,1323,1186,0,0,0,0,0,-0.0625,0.0625,0.03320312,-0.140625,-0.703125,0,0,0,0,0,0.32226562,0.32226562,0.515625,1.49414062,1.32421875,0,0,0,0,0,background
5,7.0,11.0,32.0,7.0,32.0,0,0,0,0,0,0.0,0.0,0.0,0.0,0.0,0,0,0,0,0,3885,3447,3865,1337,1191,0,0,0,0,0,-0.07226562,0.05078125,0.03320312,-0.140625,-0.703125,0,0,0,0,0,0.3203125,0.32421875,0.515625,1.49414062,1.32421875,0,0,0,0,0,background
6,7.0,11.0,14.0,32.0,7.0,32.0,0,0,0,0,0.0,0.0,0.0,0.0,0.0,0.0,0,0,0,0,4630,3906,3897,2975,1367,1207,0,0,0,0,0.05078125,-0.07226562,0.03320312,-0.02148438,-0.140625,-0.703125,0,0,0,0,0.32421875,0.3203125,0.515625,0.65625,1.49414062,1.32421875,0,0,0,0,background
5,7.0,11.0,32.0,7.0,32.0,0,0,0,0,0,0.0,0.0,0.0,0.0,0.0,0,0,0,0,0,5032,3953,3921,1365,1205,0,0,0,0,0,0.05078125,-0.07226562,0.03320312,-0.140625,-0.703125,0,0,0,0,0,0.32421875,0.3203125,0.515625,1.49414062,1.32421875,0,0,0,0,0,background
4,7.0,11.0,32.0,32.0,0,0,0,0,0,0,0.0,0.0,0.0,0.0,0,0,0,0,0,0,5895,3970,1346,1189,0,0,0,0,0,0,0.05078125,0.03320312,-0.140625,-0.703125,0,0,0,0,0,0,0.32421875,0.515625,1.49414062,1.32421875,0,0,0,0,0,0,background
4,7.0,11.0,32.0,32.0,0,0,0,0,0,0,0.0,0.0,0.0,0.0,0,0,0,0,0,0,6163,3950,1353,1195,0,0,0,0,0,0,0.04101562,0.03320312,-0.140625,-0.703125,0,0,0,0,0,0,0.32617188,0.515625,1.49414062,1.32421875,0,0,0,0,0,0,background
4,7.0,11.0,32.0,32.0,0,0,0,0,0,0,0.0,0.0,0.0,0.0,0,0,0,0,0,0,6421,3911,1372,1203,0,0,0,0,0,0,0.04101562,0.03320312,-0.140625,-0.703125,0,0,0,0,0,0,0.32617188,0.515625,1.49414062,1.32421875,0,0,0,0,0,0,slideUp
4,7.0,11.0,32.0,32.0,0,0,0,0,0,0,0.0,0.0,0.0,0.0,0,0,0,0,0,0,6248,3989,1349,1174,0,0,0,0,0,0,0.04101562,0.03320312,-0.140625,-0.703125,0,0,0,0,0,0,0.32617188,0.515625,1.49414062,1.32421875,0,0,0,0,0,0,slideUp
4,7.0,11.0,32.0,32.0,0,0,0,0,0,0,0.0,0.0,0.0,0.0,0,0,0,0,0,0,5789,3999,1327,1168,0,0,0,0,0,0,0.04101562,0.015625,-0.140625,-0.703125,0,0,0,0,0,0,0.32617188,0.515625,1.49414062,1.32421875,0,0,0,0,0,0,slideUp
3,11.0,32.0,32.0,0,0,0,0,0,0,0,0.0,0.0,0.0,0,0,0,0,0,0,0,3960,1331,1176,0,0,0,0,0,0,0,0.015625,-0.140625,-0.703125,0,0,0,0,0,0,0,0.515625,1.49414062,1.32421875,0,0,0,0,0,0,0,slideUp
3,11.0,32.0,32.0,0,0,0,0,0,0,0,0.0,0.0,0.0,0,0,0,0,0,0,0,3940,1335,1181,0,0,0,0,0,0,0,0.015625,-0.140625,-0.703125,0,0,0,0,0,0,0,0.515625,1.49414062,1.32421875,0,0,0,0,0,0,0,slideUp
6,11.0,14.0,32.0,7.0,32.0,7.0,0,0,0,0,-2.0,-2.0,0.0,0.0,0.0,0.0,0,0,0,0,1944,1570,4310,2372,1504,1270,0,0,0,0,0.04101562,-0.07226562,0.015625,-0.04101562,-0.140625,-0.703125,0,0,0,0,0.32617188,0.3203125,0.515625,0.65429688,1.49414062,1.32421875,0,0,0,0,slideUp
6,11.0,32.0,6.0,11.0,32.0,6.0,0,0,0,0,-2.0,-2.0,0.0,0.0,0.0,0.0,0,0,0,0,1758,1343,4559,3299,1493,1268,0,0,0,0,0.01757812,-0.08789062,0.015625,0.19335938,-0.140625,-0.703125,0,0,0,0,0.28125,0.26757812,0.515625,0.47851562,1.49414062,1.32421875,0,0,0,0,slideUp
6,11.0,14.0,32.0,6.0,11.0,32.0,0,0,0,0,-3.0,0.0,0.0,0.0,0.0,0.0,0,0,0,0,1470,4193,3358,2140,1344,1220,0,0,0,0,0.02734375,0.03320312,0.19335938,-0.02148438,-0.140625,-0.703125,0,0,0,0,0.27929688,0.515625,0.47851562,0.65625,1.49414062,1.32421875,0,0,0,0,slideUp
6,11.0,32.0,6.0,11.0,32.0,6.0,0,0,0,0,-3.0,-3.0,0.0,0.0,0.0,0.0,0,0,0,0,1326,1015,3946,3623,1314,1198,0,0,0,0,0.05273438,-0.05273438,0.015625,0.19335938,-0.140625,-0.703125,0,0,0,0,0.27539062,0.27539062,0.515625,0.47851562,1.49414062,1.32421875,0,0,0,0,slideUp
9,11.0,14.0,32.0,36.0,6.0,11.0,32.0,36.0,6.0,0,-2.0,-2.0,0.0,0.0,0.0,0.0,0.0,-3.0,-3.0,0,1575,1391,3771,3664,2042,1455,1265,36,31,0,0.0703125,-0.03515625,0.03320312,0.16210938,-0.02148438,-0.140625,-0.703125,0.0,-0.52734375,0,0.27148438,0.27929688,0.515625,0.49023438,0.65625,1.49414062,1.32421875,1.6875,1.60351562,0,slideUp
6,11.0,12.0,14.0,32.0,12.0,32.0,0,0,0,0,0.0,0.0,0.0,0.0,0.0,0.0,0,0,0,0,4009,3008,2231,2276,1589,1347,0,0,0,0,0.08007812,0.10546875,-0.08789062,-0.02148438,-0.140625,-0.703125,0,0,0,0,0.50976562,0.55273438,0.5546875,0.65625,1.49414062,1.32421875,0,0,0,0,slideUp
3,11.0,32.0,32.0,0,0,0,0,0,0,0,0.0,0.0,0.0,0,0,0,0,0,0,0,3946,1570,1349,0,0,0,0,0,0,0,0.08007812,-0.140625,-0.703125,0,0,0,0,0,0,0,0.50976562,1.49414062,1.32421875,0,0,0,0,0,0,0,slideUp
3,11.0,32.0,32.0,0,0,0,0,0,0,0,0.0,0.0,0.0,0,0,0,0,0,0,0,3688,1509,1326,0,0,0,0,0,0,0,0.04882812,-0.140625,-0.703125,0,0,0,0,0,0,0,0.51367188,1.49414062,1.32421875,0,0,0,0,0,0,0,slideUp
3,11.0,32.0,32.0,0,0,0,0,0,0,0,0.0,0.0,0.0,0,0,0,0,0,0,0,3601,1481,1333,0,0,0,0,0,0,0,0.04882812,-0.140625,-0.703125,0,0,0,0,0,0,0,0.51367188,1.49414062,1.32421875,0,0,0,0,0,0,0,slideUp
3,11.0,32.0,32.0,0,0,0,0,0,0,0,0.0,0.0,0.0,0,0,0,0,0,0,0,3470,1454,1334,0,0,0,0,0,0,0,0.04882812,-0.140625,-0.703125,0,0,0,0,0,0,0,0.51367188,1.49414062,1.32421875,0,0,0,0,0,0,0,slideUp
5,8.0,11.0,32.0,8.0,32.0,0,0,0,0,0,0.0,0.0,0.0,0.0,0.0,0,0,0,0,0,2000,1433,3466,1396,1323,0,0,0,0,0,-0.01171875,-0.140625,0.04882812,-0.140625,-0.703125,0,0,0,0,0,0.375,0.34765625,0.51367188,1.49414062,1.32421875,0,0,0,0,0,slideUp
6,8.0,11.0,14.0,32.0,8.0,32.0,0,0,0,0,0.0,0.0,0.0,0.0,0.0,0.0,0,0,0,0,2161,1550,3487,2811,1418,1342,0,0,0,0,0.0,-0.140625,0.04882812,0.0,-0.140625,-0.703125,0,0,0,0,0.375,0.34765625,0.51367188,0.65625,1.49414062,1.32421875,0,0,0,0,slideUp
4,11.0,32.0,11.0,32.0,0,0,0,0,0,0,0.0,0.0,0.0,0.0,0,0,0,0,0,0,3424,2497,1422,1337,0,0,0,0,0,0,0.03320312,0.20898438,-0.140625,-0.703125,0,0,0,0,0,0,0.515625,0.47070312,1.49414062,1.32421875,0,0,0,0,0,0,background
4,11.0,32.0,11.0,32.0,0,0,0,0,0,0,0.0,0.0,0.0,0.0,0,0,0,0,0,0,3389,2454,1380,1312,0,0,0,0,0,0,0.03320312,0.20898438,-0.140625,-0.703125,0,0,0,0,0,0,0.515625,0.47070312,1.49414062,1.32421875,0,0,0,0,0,0,background
6,8.0,11.0,32.0,8.0,11.0,32.0,0,0,0,0,0.0,0.0,0.0,0.0,0.0,0.0,0,0,0,0,2502,1894,3353,2427,1425,1344,0,0,0,0,0.0,-0.140625,0.03320312,0.20898438,-0.140625,-0.703125,0,0,0,0,0.375,0.34765625,0.515625,0.47070312,1.49414062,1.32421875,0,0,0,0,background
5,7.0,11.0,32.0,11.0,32.0,0,0,0,0,0,0.0,0.0,0.0,0.0,0.0,0,0,0,0,0,2831,3338,2384,1444,1351,0,0,0,0,0,-0.00976562,0.03320312,0.20898438,-0.140625,-0.703125,0,0,0,0,0,0.328125,0.515625,0.47070312,1.49414062,1.32421875,0,0,0,0,0,background
6,7.0,11.0,32.0,7.0,11.0,32.0,0,0,0,0,0.0,0.0,0.0,0.0,0.0,0.0,0,0,0,0,2718,1945,3367,2382,1449,1353,0,0,0,0,-0.00976562,-0.12304688,0.03320312,0.20898438,-0.140625,-0.703125,0,0,0,0,0.328125,0.3046875,0.515625,0.47070312,1.49414062,1.32421875,0,0,0,0,background
5,7.0,11.0,32.0,7.0,32.0,0,0,0,0,0,0.0,0.0,0.0,0.0,0.0,0,0,0,0,0,3021,2416,3423,1490,1356,0,0,0,0,0,0.0,-0.12304688,0.04882812,-0.140625,-0.703125,0,0,0,0,0,0.328125,0.3046875,0.51367188,1.49414062,1.32421875,0,0,0,0,0,background
5,7.0,11.0,32.0,7.0,32.0,0,0,0,0,0,0.0,0.0,0.0,0.0,0.0,0,0,0,0,0,3406,2576,3497,1445,1330,0,0,0,0,0,0.0,-0.12304688,0.06445312,-0.140625,-0.703125,0,0,0,0,0,0.328125,0.3046875,0.51171875,1.49414062,1.32421875,0,0,0,0,0,background
6,12.0,14.0,32.0,6.0,12.0,32.0,0,0,0,0,2.0,0.0,0.0,0.0,0.0,0.0,0,0,0,0,1637,2571,2492,3089,1311,1276,0,0,0,0,0.0625,0.12304688,-0.0703125,0.0,-0.140625,-0.703125,0,0,0,0,0.27539062,0.54882812,0.55859375,0.65625,1.49414062,1.32421875,0,0,0,0,background
7,11.0,14.0,32.0,6.0,11.0,32.0,6.0,0,0,0,2.0,2.0,0.0,0.0,0.0,0.0,0.0,0,0,0,894,810,3581,3103,3008,1293,1282,0,0,0,0.02734375,-0.08007812,0.03320312,0.19335938,0.02148438,-0.140625,-0.703125,0,0,0,0.27929688,0.26953125,0.515625,0.47851562,0.65625,1.49414062,1.32421875,0,0,0,background
6,11.0,14.0,32.0,6.0,11.0,32.0,0,0,0,0,1.0,0.0,0.0,0.0,0.0,0.0,0,0,0,0,3996,3207,2846,2572,1272,1248,0,0,0,0,0.03515625,0.04882812,0.19335938,0.0,-0.140625,-0.703125,0,0,0,0,0.27929688,0.51367188,0.47851562,0.65625,1.49414062,1.32421875,0,0,0,0,background
5,11.0,14.0,32.0,11.0,32.0,0,0,0,0,0,0.0,0.0,0.0,0.0,0.0,0,0,0,0,0,3215,2818,2243,1336,1275,0,0,0,0,0,0.04882812,0.19335938,0.02148438,-0.140625,-0.703125,0,0,0,0,0,0.51367188,0.47851562,0.65625,1.49414062,1.32421875,0,0,0,0,0,background
9,11.0,14.0,32.0,6.0,6.0,11.0,11.0,32.0,11.0,0,2.0,4.0,0.0,4.0,0.0,4.0,0.0,0.0,0.0,0,2743,1308,3392,58,2910,43,2030,1335,1278,0,0.03515625,0.03515625,0.04882812,-0.11328125,0.19335938,0.09765625,0.02148438,-0.09375,-0.703125,0,0.27929688,0.27929688,0.51367188,0.50390625,0.47851562,0.50585938,0.65625,1.49804688,1.32421875,0,background
7,11.0,14.0,32.0,7.0,7.0,32.0,7.0,0,0,0,1.0,5.0,1.0,0.0,0.0,0.0,0.0,0,0,0,4185,140,3083,3914,1951,1334,1254,0,0,0,0.04101562,0.03125,-0.09179688,0.04882812,0.02148438,-0.09375,-0.703125,0,0,0,0.32617188,0.32617188,0.31445312,0.51367188,0.65625,1.49804688,1.32421875,0,0,0,background
6,11.0,32.0,7.0,11.0,11.0,32.0,0,0,0,0,1.0,0.0,3.0,0.0,0.0,0.0,0,0,0,0,7416,3639,132,2614,1359,1243,0,0,0,0,0.05078125,0.04882812,0.06445312,0.20898438,-0.09375,-0.65625,0,0,0,0,0.32421875,0.51367188,0.51171875,0.47070312,1.49804688,1.34960938,0,0,0,0,background
5,11.0,14.0,32.0,11.0,32.0,0,0,0,0,0,0.0,0.0,0.0,0.0,0.0,0,0,0,0,0,3560,2702,2412,1388,1246,0,0,0,0,0,0.04882812,0.20898438,0.02148438,-0.09375,-0.65625,0,0,0,0,0,0.51367188,0.47070312,0.65625,1.49804688,1.34960938,0,0,0,0,0,background
6,7.0,11.0,14.0,32.0,11.0,32.0,0,0,0,0,0.0,0.0,0.0,0.0,0.0,0.0,0,0,0,0,5372,3775,2774,2658,1236,1180,0,0,0,0,0.05078125,0.03320312,0.20898438,0.02148438,-0.09375,-0.65625,0,0,0,0,0.32421875,0.515625,0.47070312,0.65625,1.49804688,1.34960938,0,0,0,0,background
4,7.0,14.0,32.0,32.0,0,0,0,0,0,0,0.0,0.0,0.0,0.0,0,0,0,0,0,0,8809,3560,1276,1217,0,0,0,0,0,0,0.02148438,0.0,-0.140625,-0.65625,0,0,0,0,0,0,0.328125,0.65625,1.49414062,1.34960938,0,0,0,0,0,0,background
5,7.0,11.0,32.0,11.0,32.0,0,0,0,0,0,0.0,0.0,0.0,0.0,0.0,0,0,0,0,0,11593,3355,2987,1486,1326,0,0,0,0,0,0.02148438,0.03320312,0.19335938,-0.140625,-0.703125,0,0,0,0,0,0.328125,0.515625,0.47851562,1.49414062,1.32421875,0,0,0,0,0,background
5,7.0,11.0,32.0,11.0,32.0,0,0,0,0,0,0.0,0.0,0.0,0.0,0.0,0,0,0,0,0,11827,4072,3035,1588,1350,0,0,0,0,0,0.03125,0.03320312,0.19335938,-0.140625,-0.703125,0,0,0,0,0,0.32617188,0.515625,0.47851562,1.49414062,1.32421875,0,0,0,0,0,background
3,7.0,32.0,32.0,0,0,0,0,0,0,0,0.0,0.0,0.0,0,0,0,0,0,0,0,9207,1515,1267,0,0,0,0,0,0,0,0.04101562,-0.140625,-0.703125,0,0,0,0,0,0,0,0.32617188,1.49414062,1.32421875,0,0,0,0,0,0,0,background
3,7.0,32.0,32.0,0,0,0,0,0,0,0,0.0,0.0,0.0,0,0,0,0,0,0,0,9793,1308,1116,0,0,0,0,0,0,0,0.03125,-0.140625,-0.703125,0,0,0,0,0,0,0,0.32617188,1.49414062,1.32421875,0,0,0,0,0,0,0,background
6,7.0,12.0,32.0,7.0,12.0,32.0,0,0,0,0,0.0,0.0,0.0,0.0,0.0,0.0,0,0,0,0,10581,7494,2702,2349,1313,1114,0,0,0,0,0.03125,-0.09179688,0.12304688,-0.0703125,-0.140625,-0.703125,0,0,0,0,0.32617188,0.31445312,0.54882812,0.55859375,1.49414062,1.32421875,0,0,0,0,background
3,7.0,32.0,32.0,0,0,0,0,0,0,0,0.0,0.0,0.0,0,0,0,0,0,0,0,12485,1316,1108,0,0,0,0,0,0,0,0.03125,-0.140625,-0.703125,0,0,0,0,0,0,0,0.32617188,1.49414062,1.32421875,0,0,0,0,0,0,0,background
8,7.0,11.0,14.0,32.0,7.0,11.0,14.0,32.0,0,0,0.0,0.0,0.0,0.0,0.0,0.0,0.0,0.0,0,0,4215,3263,3654,3244,2808,2199,1311,1105,0,0,0.03125,-0.10351562,0.015625,0.17773438,0.02148438,-0.20507812,-0.140625,-0.703125,0,0,0.32617188,0.3125,0.515625,0.484375,0.65625,0.62304688,1.49414062,1.32421875,0,0,background
7,7.0,11.0,14.0,32.0,7.0,11.0,32.0,0,0,0,0.0,0.0,0.0,0.0,0.0,0.0,0.0,0,0,0,5190,3755,3483,3325,3296,1331,1102,0,0,0,0.03125,-0.10351562,0.0,0.17773438,0.02148438,-0.140625,-0.703125,0,0,0,0.32617188,0.3125,0.515625,0.484375,0.65625,1.49414062,1.32421875,0,0,0,background
5,11.0,14.0,32.0,11.0,32.0,0,0,0,0,0,0.0,0.0,0.0,0.0,0.0,0,0,0,0,0,3672,3400,2997,1317,1091,0,0,0,0,0,0.015625,0.17773438,0.02148438,-0.140625,-0.703125,0,0,0,0,0,0.515625,0.484375,0.65625,1.49414062,1.32421875,0,0,0,0,0,background
5,11.0,14.0,32.0,11.0,32.0,0,0,0,0,0,0.0,0.0,0.0,0.0,0.0,0,0,0,0,0,3558,3448,2647,1298,1090,0,0,0,0,0,0.0,0.17773438,0.02148438,-0.140625,-0.703125,0,0,0,0,0,0.515625,0.484375,0.65625,1.49414062,1.32421875,0,0,0,0,0,background
5,11.0,14.0,32.0,11.0,32.0,0,0,0,0,0,0.0,0.0,0.0,0.0,0.0,0,0,0,0,0,3573,3466,2637,1303,1090,0,0,0,0,0,0.0,0.17773438,0.02148438,-0.140625,-0.703125,0,0,0,0,0,0.515625,0.484375,0.65625,1.49414062,1.32421875,0,0,0,0,0,slideUp
5,11.0,14.0,32.0,11.0,32.0,0,0,0,0,0,0.0,0.0,0.0,0.0,0.0,0,0,0,0,0,3833,3659,2804,1303,1091,0,0,0,0,0,0.0,0.17773438,0.02148438,-0.140625,-0.703125,0,0,0,0,0,0.515625,0.484375,0.65625,1.49414062,1.32421875,0,0,0,0,0,slideUp
7,11.0,14.0,32.0,7.0,11.0,32.0,7.0,0,0,0,-1.0,-1.0,0.0,0.0,0.0,0.0,0.0,0,0,0,2682,1925,3857,3723,2567,1321,1088,0,0,0,0.00976562,-0.11328125,0.0,0.17773438,0.02148438,-0.1875,-0.703125,0,0,0,0.328125,0.30859375,0.515625,0.484375,0.65625,1.48828125,1.32421875,0,0,0,slideUp
6,7.0,11.0,32.0,7.0,11.0,32.0,0,0,0,0,0.0,0.0,0.0,0.0,0.0,0.0,0,0,0,0,6360,4833,3851,3677,1344,1109,0,0,0,0,0.00976562,-0.11328125,0.0,0.17773438,-0.1875,-0.703125,0,0,0,0,0.328125,0.30859375,0.515625,0.484375,1.48828125,1.32421875,0,0,0,0,slideUp
6,7.0,11.0,32.0,7.0,11.0,32.0,0,0,0,0,0.0,0.0,0.0,0.0,0.0,0.0,0,0,0,0,5278,4213,3820,3656,1356,1125,0,0,0,0,0.00976562,-0.11328125,0.0,0.17773438,-0.1875,-0.703125,0,0,0,0,0.328125,0.30859375,0.515625,0.484375,1.48828125,1.32421875,0,0,0,0,slideUp
6,7.0,11.0,32.0,7.0,11.0,32.0,0,0,0,0,0.0,0.0,0.0,0.0,0.0,0.0,0,0,0,0,5415,4178,3816,3698,1349,1112,0,0,0,0,0.00976562,-0.11328125,0.0,0.17773438,-0.1875,-0.703125,0,0,0,0,0.328125,0.30859375,0.515625,0.484375,1.48828125,1.32421875,0,0,0,0,slideUp
6,7.0,11.0,32.0,7.0,11.0,32.0,0,0,0,0,0.0,0.0,0.0,0.0,0.0,0.0,0,0,0,0,6569,4849,3857,3684,1341,1105,0,0,0,0,0.00976562,-0.11328125,0.0,0.17773438,-0.1875,-0.703125,0,0,0,0,0.328125,0.30859375,0.515625,0.484375,1.48828125,1.32421875,0,0,0,0,slideUp
5,11.0,32.0,7.0,11.0,32.0,0,0,0,0,0,-1.0,0.0,0.0,0.0,0.0,0,0,0,0,0,7008,3843,3672,1411,1155,0,0,0,0,0,0.0,0.015625,0.19335938,-0.1875,-0.703125,0,0,0,0,0,0.328125,0.515625,0.47851562,1.48828125,1.32421875,0,0,0,0,0,slideUp
5,11.0,32.0,6.0,11.0,32.0,0,0,0,0,0,-2.0,0.0,0.0,0.0,0.0,0,0,0,0,0,2735,4008,3796,1608,1277,0,0,0,0,0,0.02734375,0.17773438,0.015625,-0.140625,-0.703125,0,0,0,0,0,0.27929688,0.484375,0.515625,1.49414062,1.32421875,0,0,0,0,0,slideUp
7,11.0,13.0,32.0,6.0,11.0,13.0,32.0,0,0,0,-4.0,0.0,0.0,0.0,0.0,0.0,0.0,0,0,0,1791,3740,3152,2766,2080,1448,1233,0,0,0,0.03515625,0.17773438,0.0,0.0,-0.22851562,-0.140625,-0.703125,0,0,0,0.27929688,0.484375,0.515625,0.609375,0.56445312,1.49414062,1.32421875,0,0,0,slideUp
6,11.0,14.0,32.0,6.0,11.0,32.0,0,0,0,0,-3.0,0.0,0.0,0.0,0.0,0.0,0,0,0,0,953,4632,4246,2584,1486,1260,0,0,0,0,0.0625,0.16210938,-0.015625,0.02148438,-0.140625,-0.703125,0,0,0,0,0.27539062,0.49023438,0.515625,0.65625,1.49414062,1.32421875,0,0,0,0,slideUp
7,11.0,14.0,32.0,6.0,11.0,32.0,6.0,0,0,0,-2.0,-2.0,0.0,0.0,0.0,0.0,0.0,0,0,0,2075,1620,4547,4205,2393,1623,1360,0,0,0,0.05273438,-0.05273438,0.14453125,-0.03320312,0.02148438,-0.140625,-0.703125,0,0,0,0.27539062,0.27539062,0.49414062,0.515625,0.65625,1.49414062,1.32421875,0,0,0,slideUp
5,12.0,14.0,32.0,12.0,32.0,0,0,0,0,0,0.0,0.0,0.0,0.0,0.0,0,0,0,0,0,2873,2871,2184,1695,1441,0,0,0,0,0,-0.05273438,0.12304688,0.0,-0.140625,-0.703125,0,0,0,0,0,0.56054688,0.54882812,0.65625,1.49414062,1.32421875,0,0,0,0,0,slideUp
5,11.0,14.0,32.0,11.0,32.0,0,0,0,0,0,0.0,0.0,0.0,0.0,0.0,0,0,0,0,0,4771,4616,2443,1587,1458,0,0,0,0,0,0.0,0.17773438,0.0,-0.140625,-0.703125,0,0,0,0,0,0.515625,0.484375,0.65625,1.49414062,1.32421875,0,0,0,0,0,slideUp
6,8.0,11.0,32.0,8.0,11.0,32.0,0,0,0,0,0.0,0.0,0.0,0.0,0.0,0.0,0,0,0,0,2057,1570,4820,4711,1628,1444,0,0,0,0,0.01171875,-0.12890625,0.0,0.17773438,-0.140625,-0.703125,0,0,0,0,0.375,0.3515625,0.515625,0.484375,1.49414062,1.32421875,0,0,0,0,slideUp
4,11.0,32.0,11.0,32.0,0,0,0,0,0,0,0.0,0.0,0.0,0.0,0,0,0,0,0,0,4696,4404,1629,1457,0,0,0,0,0,0,0.0,0.17773438,-0.140625,-0.703125,0,0,0,0,0,0,0.515625,0.484375,1.49414062,1.32421875,0,0,0,0,0,0,slideUp
5,11.0,14.0,32.0,11.0,32.0,0,0,0,0,0,0.0,0.0,0.0,0.0,0.0,0,0,0,0,0,4566,4056,2379,1596,1441,0,0,0,0,0,0.0,0.19335938,0.0,-0.140625,-0.703125,0,0,0,0,0,0.515625,0.47851562,0.65625,1.49414062,1.32421875,0,0,0,0,0,slideUp
6,11.0,14.0,32.0,11.0,14.0,32.0,0,0,0,0,0.0,0.0,0.0,0.0,0.0,0.0,0,0,0,0,4390,3895,2351,1716,1520,1406,0,0,0,0,0.0,0.19335938,0.02148438,-0.2265625,-0.140625,-0.703125,0,0,0,0,0.515625,0.47851562,0.65625,0.6171875,1.49414062,1.32421875,0,0,0,0,slideUp
6,11.0,14.0,32.0,11.0,14.0,32.0,0,0,0,0,0.0,0.0,0.0,0.0,0.0,0.0,0,0,0,0,4417,3920,2233,1612,1530,1412,0,0,0,0,0.0,0.19335938,0.0,-0.2265625,-0.140625,-0.703125,0,0,0,0,0.515625,0.47851562,0.65625,0.6171875,1.49414062,1.32421875,0,0,0,0,slideUp
4,11.0,32.0,11.0,32.0,0,0,0,0,0,0,0.0,0.0,0.0,0.0,0,0,0,0,0,0,4405,3892,1531,1415,0,0,0,0,0,0,0.0,0.19335938,-0.140625,-0.703125,0,0,0,0,0,0,0.515625,0.47851562,1.49414062,1.32421875,0,0,0,0,0,0,slideUp
4,11.0,32.0,11.0,32.0,0,0,0,0,0,0,0.0,0.0,0.0,0.0,0,0,0,0,0,0,4344,3805,1517,1409,0,0,0,0,0,0,0.0,0.19335938,-0.140625,-0.703125,0,0,0,0,0,0,0.515625,0.47851562,1.49414062,1.32421875,0,0,0,0,0,0,background
4,11.0,32.0,11.0,32.0,0,0,0,0,0,0,0.0,0.0,0.0,0.0,0,0,0,0,0,0,4334,3835,1540,1420,0,0,0,0,0,0,0.0,0.19335938,-0.140625,-0.703125,0,0,0,0,0,0,0.515625,0.47851562,1.49414062,1.32421875,0,0,0,0,0,0,background
4,11.0,32.0,11.0,32.0,0,0,0,0,0,0,0.0,0.0,0.0,0.0,0,0,0,0,0,0,4442,4029,1394,1347,0,0,0,0,0,0,0.0,0.19335938,-0.140625,-0.703125,0,0,0,0,0,0,0.515625,0.47851562,1.49414062,1.32421875,0,0,0,0,0,0,background
4,11.0,32.0,11.0,32.0,0,0,0,0,0,0,0.0,0.0,0.0,0.0,0,0,0,0,0,0,4491,4113,1395,1350,0,0,0,0,0,0,0.0,0.19335938,-0.140625,-0.703125,0,0,0,0,0,0,0.515625,0.47851562,1.49414062,1.32421875,0,0,0,0,0,0,background
4,11.0,32.0,11.0,32.0,0,0,0,0,0,0,0.0,0.0,0.0,0.0,0,0,0,0,0,0,4377,4029,1389,1368,0,0,0,0,0,0,-0.015625,0.19335938,-0.140625,-0.703125,0,0,0,0,0,0,0.515625,0.47851562,1.49414062,1.32421875,0,0,0,0,0,0,background
6,7.0,11.0,32.0,7.0,11.0,32.0,0,0,0,0,0.0,0.0,0.0,0.0,0.0,0.0,0,0,0,0,3152,2856,4019,3694,1299,1269,0,0,0,0,0.00976562,-0.12304688,-0.015625,0.19335938,-0.703125,-0.140625,0,0,0,0,0.328125,0.3046875,0.515625,0.47851562,1.32421875,1.49414062,0,0,0,0,background
4,11.0,32.0,11.0,32.0,0,0,0,0,0,0,0.0,0.0,0.0,0.0,0,0,0,0,0,0,3899,3546,1327,1310,0,0,0,0,0,0,0.0,0.17773438,-0.140625,-0.703125,0,0,0,0,0,0,0.515625,0.484375,1.49414062,1.32421875,0,0,0,0,0,0,background
6,8.0,11.0,32.0,6.0,11.0,32.0,0,0,0,0,2.0,0.0,0.0,0.0,0.0,0.0,0,0,0,0,1044,2184,3830,3783,1435,1266,0,0,0,0,0.0625,0.0234375,-0.015625,0.16210938,-0.140625,-0.703125,0,0,0,0,0.27539062,0.375,0.515625,0.49023438,1.49414062,1.32421875,0,0,0,0,background
5,11.0,32.0,7.0,11.0,32.0,0,0,0,0,0,-1.0,0.0,0.0,0.0,0.0,0,0,0,0,0,1658,4062,4045,1669,1343,0,0,0,0,0,0.00976562,0.0,0.16210938,-0.140625,-0.703125,0,0,0,0,0,0.328125,0.515625,0.49023438,1.49414062,1.32421875,0,0,0,0,0,background
4,11.0,32.0,11.0,32.0,0,0,0,0,0,0,0.0,0.0,0.0,0.0,0,0,0,0,0,0,3904,3864,2001,1538,0,0,0,0,0,0,0.17773438,0.015625,-0.140625,-0.703125,0,0,0,0,0,0,0.484375,0.515625,1.49414062,1.32421875,0,0,0,0,0,0,background
4,11.0,32.0,11.0,32.0,0,0,0,0,0,0,0.0,0.0,0.0,0.0,0,0,0,0,0,0,3915,3610,1991,1505,0,0,0,0,0,0,0.17773438,0.0,-0.140625,-0.703125,0,0,0,0,0,0,0.484375,0.515625,1.49414062,1.32421875,0,0,0,0,0,0,background
4,11.0,32.0,11.0,32.0,0,0,0,0,0,0,0.0,0.0,0.0,0.0,0,0,0,0,0,0,3991,3452,1827,1352,0,0,0,0,0,0,0.17773438,0.0,-0.140625,-0.703125,0,0,0,0,0,0,0.484375,0.515625,1.49414062,1.32421875,0,0,0,0,0,0,background
6,11.0,13.0,32.0,11.0,13.0,32.0,0,0,0,0,0.0,0.0,0.0,0.0,0.0,0.0,0,0,0,0,4030,3423,2567,2228,1740,1250,0,0,0,0,0.17773438,0.0,0.0,-0.22851562,-0.1875,-0.703125,0,0,0,0,0.484375,0.515625,0.609375,0.56445312,1.48828125,1.32421875,0,0,0,0,background
5,11.0,13.0,32.0,11.0,13.0,0,0,0,0,0,0.0,0.0,0.0,0.0,0.0,0,0,0,0,0,4117,3470,2445,2127,1659,0,0,0,0,0,0.17773438,0.0,0.0,-0.22851562,-0.1875,0,0,0,0,0,0.484375,0.515625,0.609375,0.56445312,1.48828125,0,0,0,0,0,background
5,7.0,11.0,32.0,7.0,11.0,0,0,0,0,0,0.0,0.0,0.0,0.0,0.0,0,0,0,0,0,4893,3646,4271,4060,1508,0,0,0,0,0,0.05078125,-0.07226562,0.17773438,0.0,-0.1875,0,0,0,0,0,0.32421875,0.3203125,0.484375,0.515625,1.48828125,0,0,0,0,0,background
5,7.0,11.0,32.0,7.0,11.0,0,0,0,0,0,0.0,0.0,0.0,0.0,0.0,0,0,0,0,0,5469,3912,4345,4135,1496,0,0,0,0,0,0.05078125,-0.07226562,0.17773438,0.0,-0.1875,0,0,0,0,0,0.32421875,0.3203125,0.484375,0.515625,1.48828125,0,0,0,0,0,background
5,6.0,11.0,32.0,11.0,32.0,0,0,0,0,0,0.0,0.0,0.0,0.0,0.0,0,0,0,0,0,7397,4269,4194,1453,1047,0,0,0,0,0,0.02734375,0.17773438,0.0,-0.1875,-0.703125,0,0,0,0,0,0.27929688,0.484375,0.515625,1.48828125,1.32421875,0,0,0,0,0,background
5,7.0,11.0,32.0,11.0,32.0,0,0,0,0,0,0.0,0.0,0.0,0.0,0.0,0,0,0,0,0,7993,4271,4096,1458,1065,0,0,0,0,0,0.04101562,0.17773438,0.0,-0.1875,-0.703125,0,0,0,0,0,0.32617188,0.484375,0.515625,1.48828125,1.32421875,0,0,0,0,0,background
5,7.0,11.0,32.0,11.0,32.0,0,0,0,0,0,0.0,0.0,0.0,0.0,0.0,0,0,0,0,0,9524,4109,3799,1461,1093,0,0,0,0,0,0.04101562,0.17773438,0.0,-0.1875,-0.703125,0,0,0,0,0,0.32617188,0.484375,0.515625,1.48828125,1.32421875,0,0,0,0,0,slideUp
5,7.0,11.0,32.0,11.0,32.0,0,0,0,0,0,0.0,0.0,0.0,0.0,0.0,0,0,0,0,0,8845,4103,3799,1432,1084,0,0,0,0,0,0.03125,0.17773438,0.0,-0.1875,-0.703125,0,0,0,0,0,0.32617188,0.484375,0.515625,1.48828125,1.32421875,0,0,0,0,0,slideUp
5,7.0,11.0,32.0,11.0,32.0,0,0,0,0,0,0.0,0.0,0.0,0.0,0.0,0,0,0,0,0,8970,4109,3800,1411,1077,0,0,0,0,0,0.03125,0.17773438,0.0,-0.1875,-0.703125,0,0,0,0,0,0.32617188,0.484375,0.515625,1.48828125,1.32421875,0,0,0,0,0,slideUp
5,7.0,11.0,32.0,11.0,32.0,0,0,0,0,0,0.0,0.0,0.0,0.0,0.0,0,0,0,0,0,9777,4138,3795,1417,1066,0,0,0,0,0,0.04101562,0.17773438,0.0,-0.1875,-0.703125,0,0,0,0,0,0.32617188,0.484375,0.515625,1.48828125,1.32421875,0,0,0,0,0,slideUp
5,7.0,11.0,32.0,11.0,32.0,0,0,0,0,0,0.0,0.0,0.0,0.0,0.0,0,0,0,0,0,9720,4133,3786,1427,1079,0,0,0,0,0,0.04101562,0.17773438,0.0,-0.1875,-0.703125,0,0,0,0,0,0.32617188,0.484375,0.515625,1.48828125,1.32421875,0,0,0,0,0,slideUp
5,7.0,11.0,32.0,11.0,32.0,0,0,0,0,0,0.0,0.0,0.0,0.0,0.0,0,0,0,0,0,9689,4062,3756,1418,1081,0,0,0,0,0,0.04101562,0.17773438,0.0,-0.1875,-0.703125,0,0,0,0,0,0.32617188,0.484375,0.515625,1.48828125,1.32421875,0,0,0,0,0,slideUp
5,7.0,11.0,32.0,11.0,32.0,0,0,0,0,0,0.0,0.0,0.0,0.0,0.0,0,0,0,0,0,8334,4013,3732,1425,1086,0,0,0,0,0,0.03125,0.17773438,0.0,-0.1875,-0.703125,0,0,0,0,0,0.32617188,0.484375,0.515625,1.48828125,1.32421875,0,0,0,0,0,slideUp
5,11.0,32.0,6.0,11.0,32.0,0,0,0,0,0,-1.0,0.0,0.0,0.0,0.0,0,0,0,0,0,4605,4039,3743,1453,1069,0,0,0,0,0,0.04492188,0.17773438,0.0,-0.1875,-0.703125,0,0,0,0,0,0.27734375,0.484375,0.515625,1.48828125,1.32421875,0,0,0,0,0,slideUp
6,11.0,32.0,7.0,11.0,32.0,7.0,0,0,0,0,-1.0,-1.0,0.0,0.0,0.0,0.0,0,0,0,0,3750,3462,4107,3597,1435,1028,0,0,0,0,0.0625,-0.0625,0.17773438,0.0,-0.1875,-0.703125,0,0,0,0,0.32226562,0.32226562,0.484375,0.515625,1.48828125,1.32421875,0,0,0,0,slideUp
7,11.0,13.0,32.0,12.0,6.0,11.0,32.0,0,0,0,-3.0,0.0,0.0,-5.0,0.0,0.0,0.0,0,0,0,1611,3952,3173,48,2916,1490,1121,0,0,0,0.01757812,0.17773438,0.0,0.03515625,-0.01953125,-0.1875,-0.703125,0,0,0,0.28125,0.484375,0.515625,0.56054688,0.609375,1.48828125,1.32421875,0,0,0,slideUp
4,11.0,32.0,11.0,32.0,0,0,0,0,0,0,0.0,0.0,0.0,0.0,0,0,0,0,0,0,4706,4492,1622,1313,0,0,0,0,0,0,0.17773438,-0.015625,-0.140625,-0.703125,0,0,0,0,0,0,0.484375,0.515625,1.49414062,1.32421875,0,0,0,0,0,0,slideUp
5,11.0,32.0,6.0,11.0,32.0,0,0,0,0,0,-3.0,0.0,0.0,0.0,0.0,0,0,0,0,0,2458,4891,4517,1436,1225,0,0,0,0,0,0.05273438,0.17773438,-0.015625,-0.140625,-0.703125,0,0,0,0,0,0.27539062,0.484375,0.515625,1.49414062,1.32421875,0,0,0,0,0,slideUp
4,11.0,32.0,11.0,32.0,0,0,0,0,0,0,0.0,0.0,0.0,0.0,0,0,0,0,0,0,5310,4840,1577,1339,0,0,0,0,0,0,0.16210938,-0.03320312,-0.140625,-0.703125,0,0,0,0,0,0,0.49023438,0.515625,1.49414062,1.32421875,0,0,0,0,0,0,slideUp
4,11.0,32.0,11.0,32.0,0,0,0,0,0,0,0.0,0.0,0.0,0.0,0,0,0,0,0,0,4603,4485,1664,1454,0,0,0,0,0,0,0.16210938,-0.015625,-0.140625,-0.703125,0,0,0,0,0,0,0.49023438,0.515625,1.49414062,1.32421875,0,0,0,0,0,0,slideUp
4,11.0,32.0,11.0,32.0,0,0,0,0,0,0,0.0,0.0,0.0,0.0,0,0,0,0,0,0,4572,4219,1584,1492,0,0,0,0,0,0,0.0,0.17773438,-0.140625,-0.703125,0,0,0,0,0,0,0.515625,0.484375,1.49414062,1.32421875,0,0,0,0,0,0,slideUp
4,11.0,32.0,11.0,32.0,0,0,0,0,0,0,0.0,0.0,0.0,0.0,0,0,0,0,0,0,4718,4329,1560,1479,0,0,0,0,0,0,0.0,0.17773438,-0.140625,-0.703125,0,0,0,0,0,0,0.515625,0.484375,1.49414062,1.32421875,0,0,0,0,0,0,slideUp
4,11.0,32.0,11.0,32.0,0,0,0,0,0,0,0.0,0.0,0.0,0.0,0,0,0,0,0,0,4701,4199,1533,1467,0,0,0,0,0,0,0.0,0.17773438,-0.140625,-0.703125,0,0,0,0,0,0,0.515625,0.484375,1.49414062,1.32421875,0,0,0,0,0,0,slideUp
4,11.0,32.0,11.0,32.0,0,0,0,0,0,0,0.0,0.0,0.0,0.0,0,0,0,0,0,0,4489,3938,1449,1431,0,0,0,0,0,0,0.0,0.17773438,-0.140625,-0.703125,0,0,0,0,0,0,0.515625,0.484375,1.49414062,1.32421875,0,0,0,0,0,0,slideUp
4,11.0,32.0,11.0,32.0,0,0,0,0,0,0,0.0,0.0,0.0,0.0,0,0,0,0,0,0,4529,3988,1422,1416,0,0,0,0,0,0,0.0,0.17773438,-0.140625,-0.703125,0,0,0,0,0,0,0.515625,0.484375,1.49414062,1.32421875,0,0,0,0,0,0,slideUp
4,11.0,32.0,11.0,32.0,0,0,0,0,0,0,0.0,0.0,0.0,0.0,0,0,0,0,0,0,4561,4040,1473,1448,0,0,0,0,0,0,0.0,0.17773438,-0.140625,-0.703125,0,0,0,0,0,0,0.515625,0.484375,1.49414062,1.32421875,0,0,0,0,0,0,slideUp
4,11.0,32.0,11.0,32.0,0,0,0,0,0,0,0.0,0.0,0.0,0.0,0,0,0,0,0,0,4557,4034,1486,1452,0,0,0,0,0,0,0.0,0.17773438,-0.140625,-0.703125,0,0,0,0,0,0,0.515625,0.484375,1.49414062,1.32421875,0,0,0,0,0,0,slideUp
4,11.0,32.0,11.0,32.0,0,0,0,0,0,0,0.0,0.0,0.0,0.0,0,0,0,0,0,0,4504,3902,1470,1445,0,0,0,0,0,0,0.0,0.19335938,-0.140625,-0.703125,0,0,0,0,0,0,0.515625,0.47851562,1.49414062,1.32421875,0,0,0,0,0,0,slideUp
6,11.0,14.0,32.0,11.0,14.0,32.0,0,0,0,0,0.0,0.0,0.0,0.0,0.0,0.0,0,0,0,0,4502,3988,2468,1892,1449,1434,0,0,0,0,0.0,0.17773438,0.04101562,-0.20507812,-0.140625,-0.703125,0,0,0,0,0.515625,0.484375,0.65429688,0.62304688,1.49414062,1.32421875,0,0,0,0,background
4,11.0,32.0,11.0,32.0,0,0,0,0,0,0,0.0,0.0,0.0,0.0,0,0,0,0,0,0,4554,4073,1406,1405,0,0,0,0,0,0,0.0,0.17773438,-0.140625,-0.703125,0,0,0,0,0,0,0.515625,0.484375,1.49414062,1.32421875,0,0,0,0,0,0,background
4,11.0,32.0,11.0,32.0,0,0,0,0,0,0,0.0,0.0,0.0,0.0,0,0,0,0,0,0,4667,4320,1438,1427,0,0,0,0,0,0,0.0,0.17773438,-0.140625,-0.703125,0,0,0,0,0,0,0.515625,0.484375,1.49414062,1.32421875,0,0,0,0,0,0,background
4,11.0,32.0,11.0,32.0,0,0,0,0,0,0,0.0,0.0,0.0,0.0,0,0,0,0,0,0,4679,4381,1486,1445,0,0,0,0,0,0,0.0,0.17773438,-0.140625,-0.703125,0,0,0,0,0,0,0.515625,0.484375,1.49414062,1.32421875,0,0,0,0,0,0,background
4,11.0,32.0,11.0,32.0,0,0,0,0,0,0,0.0,0.0,0.0,0.0,0,0,0,0,0,0,4622,4466,1576,1418,0,0,0,0,0,0,-0.015625,0.16210938,-0.140625,-0.703125,0,0,0,0,0,0,0.515625,0.49023438,1.49414062,1.32421875,0,0,0,0,0,0,background
4,11.0,32.0,11.0,32.0,0,0,0,0,0,0,0.0,0.0,0.0,0.0,0,0,0,0,0,0,4722,4646,1502,1370,0,0,0,0,0,0,-0.015625,0.16210938,-0.140625,-0.703125,0,0,0,0,0,0,0.515625,0.49023438,1.49414062,1.32421875,0,0,0,0,0,0,background
4,11.0,32.0,11.0,32.0,0,0,0,0,0,0,0.0,0.0,0.0,0.0,0,0,0,0,0,0,5009,4682,1555,1290,0,0,0,0,0,0,0.16210938,-0.03320312,-0.140625,-0.703125,0,0,0,0,0,0,0.49023438,0.515625,1.49414062,1.32421875,0,0,0,0,0,0,background
4,11.0,32.0,11.0,32.0,0,0,0,0,0,0,0.0,0.0,0.0,0.0,0,0,0,0,0,0,5018,4759,1681,1315,0,0,0,0,0,0,0.16210938,-0.015625,-0.140625,-0.703125,0,0,0,0,0,0,0.49023438,0.515625,1.49414062,1.32421875,0,0,0,0,0,0,background
4,11.0,32.0,11.0,32.0,0,0,0,0,0,0,0.0,0.0,0.0,0.0,0,0,0,0,0,0,4881,4605,1829,1415,0,0,0,0,0,0,0.16210938,-0.015625,-0.140625,-0.703125,0,0,0,0,0,0,0.49023438,0.515625,1.49414062,1.32421875,0,0,0,0,0,0,background
4,11.0,32.0,11.0,32.0,0,0,0,0,0,0,0.0,0.0,0.0,0.0,0,0,0,0,0,0,4554,4290,2052,1571,0,0,0,0,0,0,0.17773438,-0.015625,-0.140625,-0.703125,0,0,0,0,0,0,0.484375,0.515625,1.49414062,1.32421875,0,0,0,0,0,0,background
4,11.0,32.0,11.0,32.0,0,0,0,0,0,0,0.0,0.0,0.0,0.0,0,0,0,0,0,0,4414,4044,1996,1538,0,0,0,0,0,0,0.17773438,-0.015625,-0.140625,-0.703125,0,0,0,0,0,0,0.484375,0.515625,1.49414062,1.32421875,0,0,0,0,0,0,background
4,11.0,32.0,11.0,32.0,0,0,0,0,0,0,0.0,0.0,0.0,0.0,0,0,0,0,0,0,4196,3692,1972,1479,0,0,0,0,0,0,0.17773438,-0.015625,-0.140625,-0.703125,0,0,0,0,0,0,0.484375,0.515625,1.49414062,1.32421875,0,0,0,0,0,0,background
5,11.0,13.0,32.0,11.0,32.0,0,0,0,0,0,0.0,0.0,0.0,0.0,0.0,0,0,0,0,0,4212,3567,3317,1884,1395,0,0,0,0,0,0.17773438,-0.015625,0.0,-0.140625,-0.703125,0,0,0,0,0,0.484375,0.515625,0.609375,1.49414062,1.32421875,0,0,0,0,0,background
6,11.0,13.0,32.0,11.0,13.0,32.0,0,0,0,0,0.0,0.0,0.0,0.0,0.0,0.0,0,0,0,0,4535,3688,3418,2421,1543,1140,0,0,0,0,0.17773438,0.0,0.0,-0.20898438,-0.1875,-0.703125,0,0,0,0,0.484375,0.515625,0.609375,0.57226562,1.48828125,1.32421875,0,0,0,0,background
4,11.0,32.0,11.0,32.0,0,0,0,0,0,0,0.0,0.0,0.0,0.0,0,0,0,0,0,0,4692,4100,1510,1113,0,0,0,0,0,0,0.17773438,0.0,-0.1875,-0.703125,0,0,0,0,0,0,0.484375,0.515625,1.48828125,1.32421875,0,0,0,0,0,0,background
4,11.0,32.0,11.0,32.0,0,0,0,0,0,0,0.0,0.0,0.0,0.0,0,0,0,0,0,0,4652,4327,1519,1134,0,0,0,0,0,0,0.17773438,0.0,-0.1875,-0.703125,0,0,0,0,0,0,0.484375,0.515625,1.48828125,1.32421875,0,0,0,0,0,0,background
5,7.0,11.0,32.0,11.0,32.0,0,0,0,0,0,0.0,0.0,0.0,0.0,0.0,0,0,0,0,0,5240,4515,4188,1450,1159,0,0,0,0,0,0.05078125,0.17773438,-0.015625,-0.1875,-0.703125,0,0,0,0,0,0.32421875,0.484375,0.515625,1.48828125,1.32421875,0,0,0,0,0,background
4,11.0,32.0,11.0,32.0,0,0,0,0,0,0,0.0,0.0,0.0,0.0,0,0,0,0,0,0,4563,4174,1402,1150,0,0,0,0,0,0,0.17773438,-0.015625,-0.1875,-0.703125,0,0,0,0,0,0,0.484375,0.515625,1.48828125,1.32421875,0,0,0,0,0,0,background
4,11.0,32.0,11.0,32.0,0,0,0,0,0,0,0.0,0.0,0.0,0.0,0,0,0,0,0,0,4607,4215,1375,1143,0,0,0,0,0,0,0.17773438,-0.015625,-0.140625,-0.703125,0,0,0,0,0,0,0.484375,0.515625,1.49414062,1.32421875,0,0,0,0,0,0,background
5,7.0,11.0,32.0,11.0,32.0,0,0,0,0,0,0.0,0.0,0.0,0.0,0.0,0,0,0,0,0,5158,4694,4314,1332,1136,0,0,0,0,0,0.05078125,0.17773438,-0.015625,-0.140625,-0.703125,0,0,0,0,0,0.32421875,0.484375,0.515625,1.49414062,1.32421875,0,0,0,0,0,background
5,7.0,11.0,32.0,11.0,32.0,0,0,0,0,0,0.0,0.0,0.0,0.0,0.0,0,0,0,0,0,5863,4674,4349,1269,1113,0,0,0,0,0,0.05078125,0.17773438,-0.015625,-0.140625,-0.703125,0,0,0,0,0,0.32421875,0.484375,0.515625,1.49414062,1.32421875,0,0,0,0,0,background
5,7.0,11.0,32.0,11.0,32.0,0,0,0,0,0,0.0,0.0,0.0,0.0,0.0,0,0,0,0,0,5865,4554,4217,1314,1121,0,0,0,0,0,0.05078125,0.17773438,-0.015625,-0.140625,-0.703125,0,0,0,0,0,0.32421875,0.484375,0.515625,1.49414062,1.32421875,0,0,0,0,0,background
5,7.0,11.0,32.0,11.0,32.0,0,0,0,0,0,0.0,0.0,0.0,0.0,0.0,0,0,0,0,0,6351,4538,4173,1326,1115,0,0,0,0,0,0.05078125,0.17773438,-0.015625,-0.140625,-0.703125,0,0,0,0,0,0.32421875,0.484375,0.515625,1.49414062,1.32421875,0,0,0,0,0,background
5,7.0,11.0,32.0,11.0,32.0,0,0,0,0,0,0.0,0.0,0.0,0.0,0.0,0,0,0,0,0,7036,4509,4178,1353,1122,0,0,0,0,0,0.04101562,0.17773438,-0.015625,-0.140625,-0.703125,0,0,0,0,0,0.32617188,0.484375,0.515625,1.49414062,1.32421875,0,0,0,0,0,slideUp
5,7.0,11.0,32.0,11.0,32.0,0,0,0,0,0,0.0,0.0,0.0,0.0,0.0,0,0,0,0,0,7506,4501,4195,1345,1117,0,0,0,0,0,0.04101562,0.17773438,-0.015625,-0.140625,-0.703125,0,0,0,0,0,0.32617188,0.484375,0.515625,1.49414062,1.32421875,0,0,0,0,0,slideUp
5,7.0,11.0,32.0,11.0,32.0,0,0,0,0,0,0.0,0.0,0.0,0.0,0.0,0,0,0,0,0,6754,4592,4193,1330,1103,0,0,0,0,0,0.04101562,0.17773438,-0.015625,-0.140625,-0.703125,0,0,0,0,0,0.32617188,0.484375,0.515625,1.49414062,1.32421875,0,0,0,0,0,slideUp
5,7.0,11.0,32.0,11.0,32.0,0,0,0,0,0,0.0,0.0,0.0,0.0,0.0,0,0,0,0,0,4960,4631,4230,1310,1107,0,0,0,0,0,0.05078125,0.17773438,-0.015625,-0.140625,-0.703125,0,0,0,0,0,0.32421875,0.484375,0.515625,1.49414062,1.32421875,0,0,0,0,0,slideUp
4,11.0,32.0,11.0,32.0,0,0,0,0,0,0,0.0,0.0,0.0,0.0,0,0,0,0,0,0,4532,4056,1289,1095,0,0,0,0,0,0,0.17773438,-0.015625,-0.140625,-0.703125,0,0,0,0,0,0,0.484375,0.515625,1.49414062,1.32421875,0,0,0,0,0,0,slideUp
6,7.0,11.0,32.0,7.0,11.0,32.0,0,0,0,0,0.0,0.0,0.0,0.0,0.0,0.0,0,0,0,0,5318,4037,4386,4008,1342,1112,0,0,0,0,0.0625,-0.0625,0.17773438,0.0,-0.140625,-0.703125,0,0,0,0,0.32226562,0.32226562,0.484375,0.515625,1.49414062,1.32421875,0,0,0,0,slideUp
5,11.0,32.0,6.0,11.0,32.0,0,0,0,0,0,-1.0,0.0,0.0,0.0,0.0,0,0,0,0,0,4672,4360,3877,1385,1077,0,0,0,0,0,0.0,0.17773438,0.0,-0.1875,-0.703125,0,0,0,0,0,0.28125,0.484375,0.515625,1.48828125,1.32421875,0,0,0,0,0,slideUp
6,11.0,13.0,32.0,6.0,11.0,32.0,0,0,0,0,-2.0,0.0,0.0,0.0,0.0,0.0,0,0,0,0,2418,4207,3637,4166,1608,1200,0,0,0,0,0.03515625,0.17773438,-0.015625,-0.01953125,-0.1875,-0.703125,0,0,0,0,0.27929688,0.484375,0.515625,0.609375,1.48828125,1.32421875,0,0,0,0,slideUp
7,11.0,13.0,32.0,6.0,11.0,32.0,6.0,0,0,0,-2.0,-2.0,0.0,0.0,0.0,0.0,0.0,0,0,0,761,729,4500,4280,4026,1646,1296,0,0,0,-0.03515625,0.0703125,0.17773438,-0.015625,0.0,-0.140625,-0.703125,0,0,0,0.27929688,0.27148438,0.484375,0.515625,0.609375,1.49414062,1.32421875,0,0,0,slideUp
6,11.0,32.0,6.0,11.0,32.0,6.0,0,0,0,0,-2.0,-2.0,0.0,0.0,0.0,0.0,0,0,0,0,1521,1078,4515,4277,1379,1192,0,0,0,0,0.05273438,-0.05273438,0.17773438,-0.015625,-0.140625,-0.703125,0,0,0,0,0.27539062,0.27539062,0.484375,0.515625,1.49414062,1.32421875,0,0,0,0,slideUp
5,11.0,32.0,6.0,11.0,32.0,0,0,0,0,0,-2.0,0.0,0.0,0.0,0.0,0,0,0,0,0,2315,4528,4343,1375,1201,0,0,0,0,0,0.05273438,0.16210938,-0.015625,-0.140625,-0.703125,0,0,0,0,0,0.27539062,0.49023438,0.515625,1.49414062,1.32421875,0,0,0,0,0,slideUp
4,11.0,32.0,11.0,32.0,0,0,0,0,0,0,0.0,0.0,0.0,0.0,0,0,0,0,0,0,4563,4012,1464,1342,0,0,0,0,0,0,0.0,0.19335938,-0.140625,-0.703125,0,0,0,0,0,0,0.515625,0.47851562,1.49414062,1.32421875,0,0,0,0,0,0,slideUp
4,11.0,32.0,11.0,32.0,0,0,0,0,0,0,0.0,0.0,0.0,0.0,0,0,0,0,0,0,4717,4249,1518,1376,0,0,0,0,0,0,0.0,0.17773438,-0.140625,-0.703125,0,0,0,0,0,0,0.515625,0.484375,1.49414062,1.32421875,0,0,0,0,0,0,slideUp
4,11.0,32.0,11.0,32.0,0,0,0,0,0,0,0.0,0.0,0.0,0.0,0,0,0,0,0,0,4687,4399,1620,1392,0,0,0,0,0,0,0.0,0.17773438,-0.140625,-0.703125,0,0,0,0,0,0,0.515625,0.484375,1.49414062,1.32421875,0,0,0,0,0,0,slideUp
4,11.0,32.0,11.0,32.0,0,0,0,0,0,0,0.0,0.0,0.0,0.0,0,0,0,0,0,0,5018,4900,1683,1395,0,0,0,0,0,0,0.17773438,-0.015625,-0.140625,-0.703125,0,0,0,0,0,0,0.484375,0.515625,1.49414062,1.32421875,0,0,0,0,0,0,slideUp
4,11.0,32.0,11.0,32.0,0,0,0,0,0,0,0.0,0.0,0.0,0.0,0,0,0,0,0,0,5142,4985,1678,1405,0,0,0,0,0,0,0.17773438,-0.015625,-0.140625,-0.703125,0,0,0,0,0,0,0.484375,0.515625,1.49414062,1.32421875,0,0,0,0,0,0,slideUp
4,11.0,32.0,11.0,32.0,0,0,0,0,0,0,0.0,0.0,0.0,0.0,0,0,0,0,0,0,4995,4923,1588,1368,0,0,0,0,0,0,-0.015625,0.17773438,-0.140625,-0.703125,0,0,0,0,0,0,0.515625,0.484375,1.49414062,1.32421875,0,0,0,0,0,0,background
4,11.0,32.0,11.0,32.0,0,0,0,0,0,0,0.0,0.0,0.0,0.0,0,0,0,0,0,0,4853,4754,1556,1347,0,0,0,0,0,0,-0.015625,0.17773438,-0.140625,-0.703125,0,0,0,0,0,0,0.515625,0.484375,1.49414062,1.32421875,0,0,0,0,0,0,background
4,11.0,32.0,11.0,32.0,0,0,0,0,0,0,0.0,0.0,0.0,0.0,0,0,0,0,0,0,4916,4753,1567,1346,0,0,0,0,0,0,-0.015625,0.17773438,-0.140625,-0.703125,0,0,0,0,0,0,0.515625,0.484375,1.49414062,1.32421875,0,0,0,0,0,0,background
4,11.0,32.0,11.0,32.0,0,0,0,0,0,0,0.0,0.0,0.0,0.0,0,0,0,0,0,0,5018,4851,1584,1358,0,0,0,0,0,0,-0.015625,0.17773438,-0.140625,-0.703125,0,0,0,0,0,0,0.515625,0.484375,1.49414062,1.32421875,0,0,0,0,0,0,background
4,11.0,32.0,11.0,32.0,0,0,0,0,0,0,0.0,0.0,0.0,0.0,0,0,0,0,0,0,4888,4767,1558,1350,0,0,0,0,0,0,-0.015625,0.17773438,-0.140625,-0.703125,0,0,0,0,0,0,0.515625,0.484375,1.49414062,1.32421875,0,0,0,0,0,0,background
4,11.0,32.0,11.0,32.0,0,0,0,0,0,0,0.0,0.0,0.0,0.0,0,0,0,0,0,0,4845,4635,1471,1311,0,0,0,0,0,0,-0.015625,0.17773438,-0.140625,-0.703125,0,0,0,0,0,0,0.515625,0.484375,1.49414062,1.32421875,0,0,0,0,0,0,background
4,11.0,32.0,11.0,32.0,0,0,0,0,0,0,0.0,0.0,0.0,0.0,0,0,0,0,0,0,4818,4525,1447,1294,0,0,0,0,0,0,-0.015625,0.17773438,-0.140625,-0.703125,0,0,0,0,0,0,0.515625,0.484375,1.49414062,1.32421875,0,0,0,0,0,0,background
4,11.0,32.0,11.0,32.0,0,0,0,0,0,0,0.0,0.0,0.0,0.0,0,0,0,0,0,0,4915,4554,1463,1328,0,0,0,0,0,0,-0.015625,0.17773438,-0.140625,-0.703125,0,0,0,0,0,0,0.515625,0.484375,1.49414062,1.32421875,0,0,0,0,0,0,background
4,11.0,32.0,11.0,32.0,0,0,0,0,0,0,0.0,0.0,0.0,0.0,0,0,0,0,0,0,4985,4583,1480,1352,0,0,0,0,0,0,0.0,0.17773438,-0.140625,-0.703125,0,0,0,0,0,0,0.515625,0.484375,1.49414062,1.32421875,0,0,0,0,0,0,background
4,11.0,32.0,11.0,32.0,0,0,0,0,0,0,0.0,0.0,0.0,0.0,0,0,0,0,0,0,5002,4686,1402,1281,0,0,0,0,0,0,-0.015625,0.17773438,-0.140625,-0.703125,0,0,0,0,0,0,0.515625,0.484375,1.49414062,1.32421875,0,0,0,0,0,0,background
4,11.0,32.0,11.0,32.0,0,0,0,0,0,0,0.0,0.0,0.0,0.0,0,0,0,0,0,0,4879,4797,1366,1234,0,0,0,0,0,0,-0.015625,0.16210938,-0.140625,-0.703125,0,0,0,0,0,0,0.515625,0.49023438,1.49414062,1.32421875,0,0,0,0,0,0,background
5,11.0,32.0,6.0,11.0,32.0,0,0,0,0,0,2.0,0.0,0.0,0.0,0.0,0,0,0,0,0,1927,5115,4858,1374,1178,0,0,0,0,0,0.05273438,0.16210938,-0.03320312,-0.140625,-0.703125,0,0,0,0,0,0.27539062,0.49023438,0.515625,1.49414062,1.32421875,0,0,0,0,0,background
5,11.0,32.0,6.0,11.0,32.0,0,0,0,0,0,2.0,0.0,0.0,0.0,0.0,0,0,0,0,0,924,4957,4683,1303,1134,0,0,0,0,0,0.0625,0.17773438,-0.015625,-0.140625,-0.703125,0,0,0,0,0,0.27539062,0.484375,0.515625,1.49414062,1.32421875,0,0,0,0,0,background
5,11.0,32.0,6.0,11.0,32.0,0,0,0,0,0,2.0,0.0,0.0,0.0,0.0,0,0,0,0,0,721,4843,4416,1137,1094,0,0,0,0,0,0.03515625,0.17773438,-0.015625,-0.140625,-0.703125,0,0,0,0,0,0.27929688,0.484375,0.515625,1.49414062,1.32421875,0,0,0,0,0,background
4,11.0,32.0,11.0,32.0,0,0,0,0,0,0,0.0,0.0,0.0,0.0,0,0,0,0,0,0,4662,3790,1427,1235,0,0,0,0,0,0,0.17773438,-0.015625,-0.140625,-0.703125,0,0,0,0,0,0,0.484375,0.515625,1.49414062,1.32421875,0,0,0,0,0,0,background
4,11.0,32.0,11.0,32.0,0,0,0,0,0,0,0.0,0.0,0.0,0.0,0,0,0,0,0,0,4759,3900,1528,1265,0,0,0,0,0,0,0.17773438,-0.015625,-0.140625,-0.703125,0,0,0,0,0,0,0.484375,0.515625,1.49414062,1.32421875,0,0,0,0,0,0,background
4,11.0,32.0,11.0,32.0,0,0,0,0,0,0,0.0,0.0,0.0,0.0,0,0,0,0,0,0,4933,4430,1507,1225,0,0,0,0,0,0,0.17773438,-0.015625,-0.140625,-0.703125,0,0,0,0,0,0,0.484375,0.515625,1.49414062,1.32421875,0,0,0,0,0,0,background
4,11.0,32.0,11.0,32.0,0,0,0,0,0,0,0.0,0.0,0.0,0.0,0,0,0,0,0,0,4892,4542,1377,1147,0,0,0,0,0,0,0.17773438,-0.015625,-0.1875,-0.703125,0,0,0,0,0,0,0.484375,0.515625,1.48828125,1.32421875,0,0,0,0,0,0,background
4,11.0,32.0,11.0,32.0,0,0,0,0,0,0,0.0,0.0,0.0,0.0,0,0,0,0,0,0,4954,4600,1351,1100,0,0,0,0,0,0,0.17773438,-0.015625,-0.1875,-0.703125,0,0,0,0,0,0,0.484375,0.515625,1.48828125,1.32421875,0,0,0,0,0,0,background
6,7.0,11.0,32.0,7.0,11.0,32.0,0,0,0,0,0.0,0.0,0.0,0.0,0.0,0.0,0,0,0,0,7744,6028,4927,4644,1362,1176,0,0,0,0,0.0625,-0.0625,0.17773438,-0.015625,-0.140625,-0.703125,0,0,0,0,0.32226562,0.32226562,0.484375,0.515625,1.49414062,1.32421875,0,0,0,0,background
5,7.0,11.0,32.0,11.0,32.0,0,0,0,0,0,0.0,0.0,0.0,0.0,0.0,0,0,0,0,0,10513,4932,4708,1341,1152,0,0,0,0,0,0.04101562,0.17773438,-0.015625,-0.140625,-0.703125,0,0,0,0,0,0.32617188,0.484375,0.515625,1.49414062,1.32421875,0,0,0,0,0,background
4,11.0,32.0,11.0,32.0,0,0,0,0,0,0,0.0,0.0,0.0,0.0,0,0,0,0,0,0,4931,4704,1370,1125,0,0,0,0,0,0,0.17773438,-0.015625,-0.140625,-0.703125,0,0,0,0,0,0,0.484375,0.515625,1.49414062,1.32421875,0,0,0,0,0,0,background
5,7.0,11.0,32.0,11.0,32.0,0,0,0,0,0,0.0,0.0,0.0,0.0,0.0,0,0,0,0,0,4712,4897,4672,1402,1112,0,0,0,0,0,0.02148438,0.17773438,-0.015625,-0.140625,-0.703125,0,0,0,0,0,0.328125,0.484375,0.515625,1.49414062,1.32421875,0,0,0,0,0,background
6,7.0,11.0,32.0,7.0,11.0,32.0,0,0,0,0,0.0,0.0,0.0,0.0,0.0,0.0,0,0,0,0,5202,3910,4922,4498,1263,1055,0,0,0,0,0.00976562,-0.11328125,0.17773438,-0.015625,-0.140625,-0.703125,0,0,0,0,0.328125,0.30859375,0.484375,0.515625,1.49414062,1.32421875,0,0,0,0,background
6,6.0,11.0,32.0,6.0,11.0,32.0,0,0,0,0,0.0,0.0,0.0,0.0,0.0,0.0,0,0,0,0,5545,4092,4938,4500,1248,1064,0,0,0,0,0.01757812,-0.09765625,0.17773438,-0.015625,-0.140625,-0.703125,0,0,0,0,0.28125,0.26367188,0.484375,0.515625,1.49414062,1.32421875,0,0,0,0,background
6,7.0,11.0,32.0,7.0,11.0,32.0,0,0,0,0,0.0,0.0,0.0,0.0,0.0,0.0,0,0,0,0,5432,4084,4956,4513,1273,1069,0,0,0,0,0.02148438,-0.11328125,0.17773438,-0.015625,-0.140625,-0.703125,0,0,0,0,0.328125,0.30859375,0.484375,0.515625,1.49414062,1.32421875,0,0,0,0,background
6,7.0,11.0,32.0,7.0,11.0,32.0,0,0,0,0,0.0,0.0,0.0,0.0,0.0,0.0,0,0,0,0,4746,3748,5002,4592,1272,1035,0,0,0,0,0.02148438,-0.11328125,0.17773438,-0.015625,-0.140625,-0.703125,0,0,0,0,0.328125,0.30859375,0.484375,0.515625,1.49414062,1.32421875,0,0,0,0,slideUp
4,11.0,32.0,11.0,32.0,0,0,0,0,0,0,0.0,0.0,0.0,0.0,0,0,0,0,0,0,5011,4579,1266,1023,0,0,0,0,0,0,0.17773438,-0.015625,-0.140625,-0.703125,0,0,0,0,0,0,0.484375,0.515625,1.49414062,1.32421875,0,0,0,0,0,0,slideUp
4,11.0,32.0,11.0,32.0,0,0,0,0,0,0,0.0,0.0,0.0,0.0,0,0,0,0,0,0,4839,4405,1297,1013,0,0,0,0,0,0,0.17773438,-0.015625,-0.140625,-0.703125,0,0,0,0,0,0,0.484375,0.515625,1.49414062,1.32421875,0,0,0,0,0,0,slideUp
4,11.0,32.0,11.0,32.0,0,0,0,0,0,0,0.0,0.0,0.0,0.0,0,0,0,0,0,0,4809,4360,1297,1007,0,0,0,0,0,0,0.17773438,-0.015625,-0.140625,-0.703125,0,0,0,0,0,0,0.484375,0.515625,1.49414062,1.32421875,0,0,0,0,0,0,slideUp
5,11.0,13.0,32.0,11.0,32.0,0,0,0,0,0,0.0,0.0,0.0,0.0,0.0,0,0,0,0,0,4816,4366,4503,1278,987,0,0,0,0,0,0.17773438,-0.015625,0.0,-0.1875,-0.703125,0,0,0,0,0,0.484375,0.515625,0.609375,1.48828125,1.32421875,0,0,0,0,0,slideUp
5,11.0,13.0,32.0,11.0,32.0,0,0,0,0,0,0.0,0.0,0.0,0.0,0.0,0,0,0,0,0,4803,4345,4495,1277,980,0,0,0,0,0,0.17773438,-0.015625,0.0,-0.1875,-0.703125,0,0,0,0,0,0.484375,0.515625,0.609375,1.48828125,1.32421875,0,0,0,0,0,slideUp
5,11.0,13.0,32.0,11.0,32.0,0,0,0,0,0,0.0,0.0,0.0,0.0,0.0,0,0,0,0,0,4821,4345,4432,1291,976,0,0,0,0,0,0.17773438,-0.015625,0.0,-0.1875,-0.703125,0,0,0,0,0,0.484375,0.515625,0.609375,1.48828125,1.32421875,0,0,0,0,0,slideUp
5,11.0,13.0,32.0,11.0,32.0,0,0,0,0,0,0.0,0.0,0.0,0.0,0.0,0,0,0,0,0,4815,4356,4399,1335,989,0,0,0,0,0,0.17773438,-0.015625,0.01953125,-0.1875,-0.703125,0,0,0,0,0,0.484375,0.515625,0.609375,1.48828125,1.32421875,0,0,0,0,0,slideUp
5,11.0,13.0,32.0,11.0,32.0,0,0,0,0,0,0.0,0.0,0.0,0.0,0.0,0,0,0,0,0,4797,4430,4349,1359,993,0,0,0,0,0,0.17773438,-0.015625,0.01953125,-0.1875,-0.703125,0,0,0,0,0,0.484375,0.515625,0.609375,1.48828125,1.32421875,0,0,0,0,0,slideUp
6,11.0,13.0,32.0,6.0,11.0,32.0,0,0,0,0,-1.0,0.0,0.0,0.0,0.0,0.0,0,0,0,0,5137,4740,4354,4075,1423,1042,0,0,0,0,-0.00976562,0.17773438,-0.015625,0.0,-0.1875,-0.703125,0,0,0,0,0.28125,0.484375,0.515625,0.609375,1.48828125,1.32421875,0,0,0,0,slideUp
6,11.0,32.0,7.0,11.0,32.0,7.0,0,0,0,0,-2.0,-2.0,0.0,0.0,0.0,0.0,0,0,0,0,2417,2041,4707,4154,1495,1104,0,0,0,0,0.07226562,-0.05078125,0.17773438,-0.015625,-0.1875,-0.703125,0,0,0,0,0.3203125,0.32421875,0.484375,0.515625,1.48828125,1.32421875,0,0,0,0,slideUp
5,11.0,13.0,32.0,11.0,32.0,0,0,0,0,0,0.0,0.0,0.0,0.0,0.0,0,0,0,0,0,4709,4294,3894,1457,1092,0,0,0,0,0,0.17773438,-0.015625,0.01953125,-0.1875,-0.703125,0,0,0,0,0,0.484375,0.515625,0.609375,1.48828125,1.32421875,0,0,0,0,0,slideUp
5,11.0,13.0,32.0,11.0,32.0,0,0,0,0,0,0.0,0.0,0.0,0.0,0.0,0,0,0,0,0,5258,5136,4427,1623,1246,0,0,0,0,0,0.17773438,-0.015625,0.0,-0.140625,-0.703125,0,0,0,0,0,0.484375,0.515625,0.609375,1.49414062,1.32421875,0,0,0,0,0,slideUp
6,11.0,13.0,32.0,6.0,11.0,32.0,0,0,0,0,-3.0,0.0,0.0,0.0,0.0,0.0,0,0,0,0,1318,5576,5398,4917,1530,1268,0,0,0,0,0.05273438,0.17773438,-0.015625,0.0,-0.140625,-0.703125,0,0,0,0,0.27539062,0.484375,0.515625,0.609375,1.49414062,1.32421875,0,0,0,0,slideUp
4,11.0,32.0,11.0,32.0,0,0,0,0,0,0,0.0,0.0,0.0,0.0,0,0,0,0,0,0,5750,5545,1387,1213,0,0,0,0,0,0,0.17773438,-0.015625,-0.140625,-0.703125,0,0,0,0,0,0,0.484375,0.515625,1.49414062,1.32421875,0,0,0,0,0,0,slideUp
4,11.0,32.0,11.0,32.0,0,0,0,0,0,0,0.0,0.0,0.0,0.0,0,0,0,0,0,0,5792,5603,1464,1263,0,0,0,0,0,0,0.17773438,-0.015625,-0.140625,-0.703125,0,0,0,0,0,0,0.484375,0.515625,1.49414062,1.32421875,0,0,0,0,0,0,slideUp
4,11.0,32.0,11.0,32.0,0,0,0,0,0,0,0.0,0.0,0.0,0.0,0,0,0,0,0,0,6116,5883,1532,1308,0,0,0,0,0,0,0.17773438,-0.015625,-0.140625,-0.703125,0,0,0,0,0,0,0.484375,0.515625,1.49414062,1.32421875,0,0,0,0,0,0,slideUp
4,11.0,32.0,11.0,32.0,0,0,0,0,0,0,0.0,0.0,0.0,0.0,0,0,0,0,0,0,6165,5896,1507,1281,0,0,0,0,0,0,0.17773438,-0.015625,-0.140625,-0.703125,0,0,0,0,0,0,0.484375,0.515625,1.49414062,1.32421875,0,0,0,0,0,0,slideUp
4,11.0,32.0,11.0,32.0,0,0,0,0,0,0,0.0,0.0,0.0,0.0,0,0,0,0,0,0,6147,6018,1328,1149,0,0,0,0,0,0,0.17773438,-0.015625,-0.140625,-0.703125,0,0,0,0,0,0,0.484375,0.515625,1.49414062,1.32421875,0,0,0,0,0,0,slideUp
4,11.0,32.0,11.0,32.0,0,0,0,0,0,0,0.0,0.0,0.0,0.0,0,0,0,0,0,0,6066,5986,1343,1152,0,0,0,0,0,0,0.17773438,-0.015625,-0.140625,-0.703125,0,0,0,0,0,0,0.484375,0.515625,1.49414062,1.32421875,0,0,0,0,0,0,slideUp
4,11.0,32.0,11.0,32.0,0,0,0,0,0,0,0.0,0.0,0.0,0.0,0,0,0,0,0,0,6118,5992,1390,1185,0,0,0,0,0,0,0.17773438,-0.015625,-0.140625,-0.703125,0,0,0,0,0,0,0.484375,0.515625,1.49414062,1.32421875,0,0,0,0,0,0,slideUp
4,11.0,32.0,11.0,32.0,0,0,0,0,0,0,0.0,0.0,0.0,0.0,0,0,0,0,0,0,6092,5964,1373,1183,0,0,0,0,0,0,0.17773438,-0.015625,-0.140625,-0.703125,0,0,0,0,0,0,0.484375,0.515625,1.49414062,1.32421875,0,0,0,0,0,0,slideUp
4,11.0,32.0,11.0,32.0,0,0,0,0,0,0,0.0,0.0,0.0,0.0,0,0,0,0,0,0,5968,5887,1342,1161,0,0,0,0,0,0,0.17773438,-0.015625,-0.140625,-0.703125,0,0,0,0,0,0,0.484375,0.515625,1.49414062,1.32421875,0,0,0,0,0,0,slideUp
4,11.0,32.0,11.0,32.0,0,0,0,0,0,0,0.0,0.0,0.0,0.0,0,0,0,0,0,0,5809,5736,1314,1148,0,0,0,0,0,0,0.16210938,-0.015625,-0.140625,-0.703125,0,0,0,0,0,0,0.49023438,0.515625,1.49414062,1.32421875,0,0,0,0,0,0,slideUp
4,11.0,32.0,11.0,32.0,0,0,0,0,0,0,0.0,0.0,0.0,0.0,0,0,0,0,0,0,5865,5790,1301,1141,0,0,0,0,0,0,0.16210938,-0.015625,-0.140625,-0.703125,0,0,0,0,0,0,0.49023438,0.515625,1.49414062,1.32421875,0,0,0,0,0,0,background
6,7.0,11.0,32.0,7.0,11.0,32.0,0,0,0,0,0.0,0.0,0.0,0.0,0.0,0.0,0,0,0,0,2775,2194,6060,5869,1242,1111,0,0,0,0,0.00976562,-0.12304688,0.16210938,-0.015625,-0.140625,-0.703125,0,0,0,0,0.328125,0.3046875,0.49023438,0.515625,1.49414062,1.32421875,0,0,0,0,background
4,11.0,32.0,11.0,32.0,0,0,0,0,0,0,0.0,0.0,0.0,0.0,0,0,0,0,0,0,6066,5843,1250,1119,0,0,0,0,0,0,0.16210938,-0.015625,-0.140625,-0.703125,0,0,0,0,0,0,0.49023438,0.515625,1.49414062,1.32421875,0,0,0,0,0,0,background
6,7.0,11.0,32.0,7.0,11.0,32.0,0,0,0,0,0.0,0.0,0.0,0.0,0.0,0.0,0,0,0,0,2692,2216,6034,5818,1296,1144,0,0,0,0,0.00976562,-0.11328125,0.16210938,-0.015625,-0.140625,-0.703125,0,0,0,0,0.328125,0.30859375,0.49023438,0.515625,1.49414062,1.32421875,0,0,0,0,background
4,11.0,32.0,11.0,32.0,0,0,0,0,0,0,0.0,0.0,0.0,0.0,0,0,0,0,0,0,5988,5752,1287,1140,0,0,0,0,0,0,0.16210938,-0.015625,-0.140625,-0.703125,0,0,0,0,0,0,0.49023438,0.515625,1.49414062,1.32421875,0,0,0,0,0,0,background
4,11.0,32.0,11.0,32.0,0,0,0,0,0,0,0.0,0.0,0.0,0.0,0,0,0,0,0,0,6022,5744,1280,1136,0,0,0,0,0,0,0.16210938,-0.015625,-0.140625,-0.703125,0,0,0,0,0,0,0.49023438,0.515625,1.49414062,1.32421875,0,0,0,0,0,0,background
4,11.0,32.0,11.0,32.0,0,0,0,0,0,0,0.0,0.0,0.0,0.0,0,0,0,0,0,0,5771,5465,1308,1159,0,0,0,0,0,0,0.16210938,-0.015625,-0.140625,-0.703125,0,0,0,0,0,0,0.49023438,0.515625,1.49414062,1.32421875,0,0,0,0,0,0,background
4,11.0,32.0,11.0,32.0,0,0,0,0,0,0,0.0,0.0,0.0,0.0,0,0,0,0,0,0,5589,5273,1314,1172,0,0,0,0,0,0,0.17773438,-0.015625,-0.140625,-0.703125,0,0,0,0,0,0,0.484375,0.515625,1.49414062,1.32421875,0,0,0,0,0,0,background
5,11.0,13.0,32.0,11.0,32.0,0,0,0,0,0,0.0,0.0,0.0,0.0,0.0,0,0,0,0,0,4988,4716,4507,1299,1186,0,0,0,0,0,0.17773438,-0.015625,0.01953125,-0.140625,-0.703125,0,0,0,0,0,0.484375,0.515625,0.609375,1.49414062,1.32421875,0,0,0,0,0,background
7,11.0,13.0,32.0,6.0,11.0,32.0,6.0,0,0,0,2.0,2.0,0.0,0.0,0.0,0.0,0.0,0,0,0,1526,1333,4862,4359,4714,1292,1183,0,0,0,0.03515625,-0.0703125,0.17773438,-0.015625,0.0,-0.140625,-0.703125,0,0,0,0.27929688,0.27148438,0.484375,0.515625,0.609375,1.49414062,1.32421875,0,0,0,background
5,11.0,13.0,32.0,11.0,32.0,0,0,0,0,0,0.0,0.0,0.0,0.0,0.0,0,0,0,0,0,4790,4110,4622,1213,1146,0,0,0,0,0,0.17773438,-0.015625,0.0,-0.140625,-0.703125,0,0,0,0,0,0.484375,0.515625,0.609375,1.49414062,1.32421875,0,0,0,0,0,background
7,11.0,13.0,32.0,6.0,11.0,32.0,6.0,0,0,0,2.0,2.0,0.0,0.0,0.0,0.0,0.0,0,0,0,1000,873,5184,4704,4826,1500,1219,0,0,0,-0.08789062,0.00976562,0.17773438,-0.015625,0.0,-0.140625,-0.703125,0,0,0,0.26757812,0.28125,0.484375,0.515625,0.609375,1.49414062,1.32421875,0,0,0,background
5,11.0,13.0,32.0,11.0,32.0,0,0,0,0,0,0.0,0.0,0.0,0.0,0.0,0,0,0,0,0,5270,4889,4881,1361,1141,0,0,0,0,0,0.17773438,-0.015625,0.0,-0.140625,-0.703125,0,0,0,0,0,0.484375,0.515625,0.609375,1.49414062,1.32421875,0,0,0,0,0,background
4,11.0,32.0,11.0,32.0,0,0,0,0,0,0,0.0,0.0,0.0,0.0,0,0,0,0,0,0,5453,4968,1345,1143,0,0,0,0,0,0,0.17773438,-0.015625,-0.1875,-0.703125,0,0,0,0,0,0,0.484375,0.515625,1.48828125,1.32421875,0,0,0,0,0,0,background
4,11.0,32.0,11.0,32.0,0,0,0,0,0,0,0.0,0.0,0.0,0.0,0,0,0,0,0,0,5484,4978,1261,1149,0,0,0,0,0,0,0.17773438,-0.015625,-0.140625,-0.703125,0,0,0,0,0,0,0.484375,0.515625,1.49414062,1.32421875,0,0,0,0,0,0,background
6,7.0,11.0,13.0,32.0,11.0,32.0,0,0,0,0,0.0,0.0,0.0,0.0,0.0,0.0,0,0,0,0,9524,5722,5271,5593,1154,1074,0,0,0,0,0.04101562,0.17773438,-0.015625,0.0,-0.1875,-0.703125,0,0,0,0,0.32617188,0.484375,0.515625,0.609375,1.48828125,1.32421875,0,0,0,0,background
5,11.0,13.0,32.0,11.0,32.0,0,0,0,0,0,0.0,0.0,0.0,0.0,0.0,0,0,0,0,0,5911,5598,5672,1164,1050,0,0,0,0,0,0.16210938,-0.015625,0.0,-0.1875,-0.703125,0,0,0,0,0,0.49023438,0.515625,0.609375,1.48828125,1.32421875,0,0,0,0,0,background
6,7.0,11.0,32.0,7.0,11.0,32.0,0,0,0,0,0.0,0.0,0.0,0.0,0.0,0.0,0,0,0,0,5809,4338,6048,5851,1219,1059,0,0,0,0,0.03125,-0.09179688,0.16210938,-0.015625,-0.1875,-0.703125,0,0,0,0,0.32617188,0.31445312,0.49023438,0.515625,1.48828125,1.32421875,0,0,0,0,background
6,7.0,11.0,32.0,7.0,11.0,32.0,0,0,0,0,0.0,0.0,0.0,0.0,0.0,0.0,0,0,0,0,4927,3984,6024,5915,1223,1059,0,0,0,0,0.02148438,-0.10351562,0.16210938,-0.015625,-0.1875,-0.703125,0,0,0,0,0.328125,0.3125,0.49023438,0.515625,1.48828125,1.32421875,0,0,0,0,background
6,7.0,11.0,32.0,7.0,11.0,32.0,0,0,0,0,0.0,0.0,0.0,0.0,0.0,0.0,0,0,0,0,8481,6095,6019,5807,1200,1059,0,0,0,0,0.03125,-0.10351562,0.16210938,-0.015625,-0.1875,-0.703125,0,0,0,0,0.32617188,0.3125,0.49023438,0.515625,1.48828125,1.32421875,0,0,0,0,background
6,7.0,11.0,32.0,7.0,11.0,32.0,0,0,0,0,0.0,0.0,0.0,0.0,0.0,0.0,0,0,0,0,8293,6432,5959,5751,1175,1069,0,0,0,0,0.03125,-0.09179688,0.16210938,-0.015625,-0.1875,-0.703125,0,0,0,0,0.32617188,0.31445312,0.49023438,0.515625,1.48828125,1.32421875,0,0,0,0,background
6,7.0,11.0,32.0,7.0,11.0,32.0,0,0,0,0,0.0,0.0,0.0,0.0,0.0,0.0,0,0,0,0,7957,6142,5835,5631,1146,1059,0,0,0,0,0.03125,-0.09179688,0.16210938,-0.015625,-0.1875,-0.703125,0,0,0,0,0.32617188,0.31445312,0.49023438,0.515625,1.48828125,1.32421875,0,0,0,0,slideUp
6,7.0,11.0,32.0,7.0,11.0,32.0,0,0,0,0,0.0,0.0,0.0,0.0,0.0,0.0,0,0,0,0,7562,5689,5900,5579,1183,1077,0,0,0,0,0.03125,-0.09179688,0.16210938,-0.015625,-0.1875,-0.703125,0,0,0,0,0.32617188,0.31445312,0.49023438,0.515625,1.48828125,1.32421875,0,0,0,0,slideUp
6,7.0,11.0,32.0,7.0,11.0,32.0,0,0,0,0,0.0,0.0,0.0,0.0,0.0,0.0,0,0,0,0,7413,5567,5959,5568,1190,1081,0,0,0,0,0.03125,-0.09179688,0.16210938,-0.015625,-0.1875,-0.703125,0,0,0,0,0.32617188,0.31445312,0.49023438,0.515625,1.48828125,1.32421875,0,0,0,0,slideUp
6,7.0,11.0,32.0,7.0,11.0,32.0,0,0,0,0,0.0,0.0,0.0,0.0,0.0,0.0,0,0,0,0,6821,5082,6008,5548,1183,1070,0,0,0,0,0.04101562,-0.09179688,0.16210938,-0.015625,-0.1875,-0.703125,0,0,0,0,0.32617188,0.31445312,0.49023438,0.515625,1.48828125,1.32421875,0,0,0,0,slideUp
6,7.0,11.0,32.0,7.0,11.0,32.0,0,0,0,0,0.0,0.0,0.0,0.0,0.0,0.0,0,0,0,0,6344,4503,6137,5525,1139,1045,0,0,0,0,0.04101562,-0.09179688,0.16210938,-0.015625,-0.1875,-0.703125,0,0,0,0,0.32617188,0.31445312,0.49023438,0.515625,1.48828125,1.32421875,0,0,0,0,slideUp
5,7.0,11.0,32.0,11.0,32.0,0,0,0,0,0,0.0,0.0,0.0,0.0,0.0,0,0,0,0,0,6493,6161,5517,1132,1046,0,0,0,0,0,0.04101562,0.16210938,-0.015625,-0.1875,-0.703125,0,0,0,0,0,0.32617188,0.49023438,0.515625,1.48828125,1.32421875,0,0,0,0,0,slideUp
5,7.0,11.0,32.0,11.0,32.0,0,0,0,0,0,0.0,0.0,0.0,0.0,0.0,0,0,0,0,0,6479,6064,5343,1172,1068,0,0,0,0,0,0.04101562,0.16210938,-0.015625,-0.140625,-0.703125,0,0,0,0,0,0.32617188,0.49023438,0.515625,1.49414062,1.32421875,0,0,0,0,0,slideUp
5,7.0,11.0,32.0,11.0,32.0,0,0,0,0,0,0.0,0.0,0.0,0.0,0.0,0,0,0,0,0,6490,6025,5216,1167,1055,0,0,0,0,0,0.04101562,0.17773438,-0.015625,-0.140625,-0.703125,0,0,0,0,0,0.32617188,0.484375,0.515625,1.49414062,1.32421875,0,0,0,0,0,slideUp
5,11.0,13.0,32.0,11.0,32.0,0,0,0,0,0,0.0,0.0,0.0,0.0,0.0,0,0,0,0,0,5454,4286,4446,1227,1005,0,0,0,0,0,0.17773438,-0.015625,0.01953125,-0.1875,-0.703125,0,0,0,0,0,0.484375,0.515625,0.609375,1.48828125,1.32421875,0,0,0,0,0,slideUp
6,11.0,13.0,32.0,7.0,11.0,32.0,0,0,0,0,-1.0,0.0,0.0,0.0,0.0,0.0,0,0,0,0,4328,5168,4483,4775,1189,1052,0,0,0,0,0.05078125,0.17773438,-0.015625,0.0,-0.1875,-0.703125,0,0,0,0,0.32421875,0.484375,0.515625,0.609375,1.48828125,1.32421875,0,0,0,0,slideUp
4,11.0,32.0,11.0,32.0,0,0,0,0,0,0,0.0,0.0,0.0,0.0,0,0,0,0,0,0,5034,4466,1340,1044,0,0,0,0,0,0,0.17773438,-0.015625,-0.1875,-0.703125,0,0,0,0,0,0,0.484375,0.515625,1.48828125,1.32421875,0,0,0,0,0,0,slideUp
6,11.0,32.0,6.0,11.0,32.0,6.0,0,0,0,0,-2.0,-2.0,0.0,0.0,0.0,0.0,0,0,0,0,817,616,5498,5333,1677,1342,0,0,0,0,0.05273438,-0.05273438,0.17773438,-0.015625,-0.140625,-0.703125,0,0,0,0,0.27539062,0.27539062,0.484375,0.515625,1.49414062,1.32421875,0,0,0,0,slideUp
5,11.0,32.0,6.0,11.0,32.0,0,0,0,0,0,-3.0,0.0,0.0,0.0,0.0,0,0,0,0,0,2422,5633,5237,1439,1261,0,0,0,0,0,0.04492188,0.17773438,-0.015625,-0.140625,-0.703125,0,0,0,0,0,0.27734375,0.484375,0.515625,1.49414062,1.32421875,0,0,0,0,0,slideUp
4,11.0,32.0,11.0,32.0,0,0,0,0,0,0,0.0,0.0,0.0,0.0,0,0,0,0,0,0,6210,5616,1546,1294,0,0,0,0,0,0,0.17773438,-0.015625,-0.140625,-0.703125,0,0,0,0,0,0,0.484375,0.515625,1.49414062,1.32421875,0,0,0,0,0,0,slideUp
4,11.0,32.0,11.0,32.0,0,0,0,0,0,0,0.0,0.0,0.0,0.0,0,0,0,0,0,0,6522,5910,1580,1345,0,0,0,0,0,0,0.16210938,-0.03320312,-0.140625,-0.703125,0,0,0,0,0,0,0.49023438,0.515625,1.49414062,1.32421875,0,0,0,0,0,0,slideUp
4,11.0,32.0,11.0,32.0,0,0,0,0,0,0,0.0,0.0,0.0,0.0,0,0,0,0,0,0,5489,5290,1442,1281,0,0,0,0,0,0,-0.015625,0.17773438,-0.140625,-0.703125,0,0,0,0,0,0,0.515625,0.484375,1.49414062,1.32421875,0,0,0,0,0,0,slideUp
4,11.0,32.0,11.0,32.0,0,0,0,0,0,0,0.0,0.0,0.0,0.0,0,0,0,0,0,0,5248,5040,1288,1220,0,0,0,0,0,0,-0.015625,0.17773438,-0.140625,-0.703125,0,0,0,0,0,0,0.515625,0.484375,1.49414062,1.32421875,0,0,0,0,0,0,slideUp
5,11.0,13.0,32.0,11.0,32.0,0,0,0,0,0,0.0,0.0,0.0,0.0,0.0,0,0,0,0,0,5183,4967,4844,1233,1204,0,0,0,0,0,-0.015625,0.17773438,-0.01953125,-0.140625,-0.703125,0,0,0,0,0,0.515625,0.484375,0.609375,1.49414062,1.32421875,0,0,0,0,0,slideUp
4,11.0,32.0,11.0,32.0,0,0,0,0,0,0,0.0,0.0,0.0,0.0,0,0,0,0,0,0,5147,4925,1268,1230,0,0,0,0,0,0,-0.015625,0.17773438,-0.140625,-0.703125,0,0,0,0,0,0,0.515625,0.484375,1.49414062,1.32421875,0,0,0,0,0,0,slideUp
4,11.0,32.0,11.0,32.0,0,0,0,0,0,0,0.0,0.0,0.0,0.0,0,0,0,0,0,0,5180,4931,1252,1219,0,0,0,0,0,0,-0.015625,0.17773438,-0.140625,-0.703125,0,0,0,0,0,0,0.515625,0.484375,1.49414062,1.32421875,0,0,0,0,0,0,slideUp
4,11.0,32.0,11.0,32.0,0,0,0,0,0,0,0.0,0.0,0.0,0.0,0,0,0,0,0,0,5163,4873,1260,1224,0,0,0,0,0,0,-0.015625,0.17773438,-0.140625,-0.703125,0,0,0,0,0,0,0.515625,0.484375,1.49414062,1.32421875,0,0,0,0,0,0,slideUp
4,11.0,32.0,11.0,32.0,0,0,0,0,0,0,0.0,0.0,0.0,0.0,0,0,0,0,0,0,5058,4833,1227,1208,0,0,0,0,0,0,-0.015625,0.17773438,-0.140625,-0.703125,0,0,0,0,0,0,0.515625,0.484375,1.49414062,1.32421875,0,0,0,0,0,0,slideUp
4,11.0,32.0,11.0,32.0,0,0,0,0,0,0,0.0,0.0,0.0,0.0,0,0,0,0,0,0,5039,4874,1223,1205,0,0,0,0,0,0,-0.015625,0.17773438,-0.140625,-0.703125,0,0,0,0,0,0,0.515625,0.484375,1.49414062,1.32421875,0,0,0,0,0,0,slideUp
4,11.0,32.0,11.0,32.0,0,0,0,0,0,0,0.0,0.0,0.0,0.0,0,0,0,0,0,0,5002,4839,1205,1196,0,0,0,0,0,0,-0.015625,0.17773438,-0.140625,-0.703125,0,0,0,0,0,0,0.515625,0.484375,1.49414062,1.32421875,0,0,0,0,0,0,background
4,11.0,32.0,11.0,32.0,0,0,0,0,0,0,0.0,0.0,0.0,0.0,0,0,0,0,0,0,5009,4820,1192,1186,0,0,0,0,0,0,-0.015625,0.17773438,-0.140625,-0.703125,0,0,0,0,0,0,0.515625,0.484375,1.49414062,1.32421875,0,0,0,0,0,0,background
4,11.0,32.0,11.0,32.0,0,0,0,0,0,0,0.0,0.0,0.0,0.0,0,0,0,0,0,0,5060,4758,1245,1224,0,0,0,0,0,0,-0.015625,0.17773438,-0.140625,-0.703125,0,0,0,0,0,0,0.515625,0.484375,1.49414062,1.32421875,0,0,0,0,0,0,background
4,11.0,32.0,11.0,32.0,0,0,0,0,0,0,0.0,0.0,0.0,0.0,0,0,0,0,0,0,5245,4871,1292,1242,0,0,0,0,0,0,-0.015625,0.17773438,-0.140625,-0.703125,0,0,0,0,0,0,0.515625,0.484375,1.49414062,1.32421875,0,0,0,0,0,0,background
4,11.0,32.0,11.0,32.0,0,0,0,0,0,0,0.0,0.0,0.0,0.0,0,0,0,0,0,0,5428,5318,1303,1225,0,0,0,0,0,0,-0.015625,0.16210938,-0.140625,-0.703125,0,0,0,0,0,0,0.515625,0.49023438,1.49414062,1.32421875,0,0,0,0,0,0,background
4,11.0,32.0,11.0,32.0,0,0,0,0,0,0,0.0,0.0,0.0,0.0,0,0,0,0,0,0,5421,5374,1324,1234,0,0,0,0,0,0,0.16210938,-0.03320312,-0.140625,-0.703125,0,0,0,0,0,0,0.49023438,0.515625,1.49414062,1.32421875,0,0,0,0,0,0,background
5,11.0,32.0,6.0,11.0,32.0,0,0,0,0,0,2.0,0.0,0.0,0.0,0.0,0,0,0,0,0,1756,5808,5494,1332,1251,0,0,0,0,0,0.04492188,0.16210938,-0.03320312,-0.140625,-0.703125,0,0,0,0,0,0.27734375,0.49023438,0.515625,1.49414062,1.32421875,0,0,0,0,0,background
4,11.0,32.0,11.0,32.0,0,0,0,0,0,0,0.0,0.0,0.0,0.0,0,0,0,0,0,0,5594,5188,1310,1226,0,0,0,0,0,0,0.16210938,-0.03320312,-0.140625,-0.703125,0,0,0,0,0,0,0.49023438,0.515625,1.49414062,1.32421875,0,0,0,0,0,0,background
5,11.0,13.0,32.0,11.0,32.0,0,0,0,0,0,0.0,0.0,0.0,0.0,0.0,0,0,0,0,0,5498,5025,4811,1230,1179,0,0,0,0,0,0.16210938,-0.03320312,0.0,-0.140625,-0.703125,0,0,0,0,0,0.49023438,0.515625,0.609375,1.49414062,1.32421875,0,0,0,0,0,background
5,11.0,13.0,32.0,11.0,32.0,0,0,0,0,0,0.0,0.0,0.0,0.0,0.0,0,0,0,0,0,5034,4317,4904,1129,1098,0,0,0,0,0,0.17773438,-0.015625,0.0,-0.65625,-0.140625,0,0,0,0,0,0.484375,0.515625,0.609375,1.34960938,1.49414062,0,0,0,0,0,background
5,11.0,13.0,32.0,11.0,32.0,0,0,0,0,0,0.0,0.0,0.0,0.0,0.0,0,0,0,0,0,5114,4356,5169,1363,1229,0,0,0,0,0,0.17773438,-0.015625,0.0,-0.140625,-0.703125,0,0,0,0,0,0.484375,0.515625,0.609375,1.49414062,1.32421875,0,0,0,0,0,background
6,11.0,13.0,32.0,6.0,11.0,32.0,0,0,0,0,2.0,0.0,0.0,0.0,0.0,0.0,0,0,0,0,2652,5155,4450,4800,1226,1051,0,0,0,0,0.02734375,0.17773438,-0.015625,0.0,-0.1875,-0.703125,0,0,0,0,0.27929688,0.484375,0.515625,0.609375,1.48828125,1.32421875,0,0,0,0,background
5,11.0,32.0,11.0,11.0,32.0,0,0,0,0,0,0.0,3.0,0.0,0.0,0.0,0,0,0,0,0,5174,76,4578,1329,1093,0,0,0,0,0,0.17773438,-0.015625,-0.015625,-0.1875,-0.703125,0,0,0,0,0,0.484375,0.515625,0.515625,1.48828125,1.32421875,0,0,0,0,0,background
5,11.0,32.0,6.0,11.0,32.0,0,0,0,0,0,1.0,0.0,0.0,0.0,0.0,0,0,0,0,0,7958,5073,4614,1316,1137,0,0,0,0,0,0.01757812,0.17773438,-0.015625,-0.1875,-0.703125,0,0,0,0,0,0.28125,0.484375,0.515625,1.48828125,1.32421875,0,0,0,0,0,background
6,11.0,32.0,6.0,11.0,32.0,6.0,0,0,0,0,1.0,1.0,0.0,0.0,0.0,0.0,0,0,0,0,3203,2600,5108,4576,1211,1069,0,0,0,0,0.00976562,-0.09765625,0.17773438,-0.015625,-0.1875,-0.703125,0,0,0,0,0.28125,0.26367188,0.484375,0.515625,1.48828125,1.32421875,0,0,0,0,background
7,11.0,13.0,32.0,6.0,11.0,32.0,6.0,0,0,0,1.0,1.0,0.0,0.0,0.0,0.0,0.0,0,0,0,3732,2774,5148,4524,4437,1216,1029,0,0,0,0.03515625,-0.08007812,0.17773438,-0.015625,0.0,-0.1875,-0.703125,0,0,0,0.27929688,0.26953125,0.484375,0.515625,0.609375,1.48828125,1.32421875,0,0,0,background
4,11.0,32.0,11.0,32.0,0,0,0,0,0,0,0.0,0.0,0.0,0.0,0,0,0,0,0,0,5360,4556,1203,960,0,0,0,0,0,0,0.17773438,-0.015625,-0.1875,-0.703125,0,0,0,0,0,0,0.484375,0.515625,1.48828125,1.32421875,0,0,0,0,0,0,background
4,11.0,32.0,11.0,32.0,0,0,0,0,0,0,0.0,0.0,0.0,0.0,0,0,0,0,0,0,5336,4510,1273,1030,0,0,0,0,0,0,0.17773438,-0.015625,-0.1875,-0.703125,0,0,0,0,0,0,0.484375,0.515625,1.48828125,1.32421875,0,0,0,0,0,0,background
6,7.0,11.0,13.0,32.0,11.0,32.0,0,0,0,0,0.0,0.0,0.0,0.0,0.0,0.0,0,0,0,0,5152,5255,4400,5129,1337,1082,0,0,0,0,0.04101562,0.17773438,-0.015625,0.0,-0.1875,-0.703125,0,0,0,0,0.32617188,0.484375,0.515625,0.609375,1.48828125,1.32421875,0,0,0,0,background
6,7.0,11.0,13.0,32.0,11.0,32.0,0,0,0,0,0.0,0.0,0.0,0.0,0.0,0.0,0,0,0,0,4384,5195,4382,5057,1315,1072,0,0,0,0,0.04101562,0.17773438,-0.015625,0.0,-0.1875,-0.703125,0,0,0,0,0.32617188,0.484375,0.515625,0.609375,1.48828125,1.32421875,0,0,0,0,background
4,11.0,32.0,11.0,32.0,0,0,0,0,0,0,0.0,0.0,0.0,0.0,0,0,0,0,0,0,5170,4360,1354,1109,0,0,0,0,0,0,0.17773438,-0.015625,-0.140625,-0.703125,0,0,0,0,0,0,0.484375,0.515625,1.49414062,1.32421875,0,0,0,0,0,0,background
4,11.0,32.0,11.0,32.0,0,0,0,0,0,0,0.0,0.0,0.0,0.0,0,0,0,0,0,0,5194,4392,1359,1115,0,0,0,0,0,0,0.17773438,-0.015625,-0.140625,-0.703125,0,0,0,0,0,0,0.484375,0.515625,1.49414062,1.32421875,0,0,0,0,0,0,background
4,11.0,32.0,11.0,32.0,0,0,0,0,0,0,0.0,0.0,0.0,0.0,0,0,0,0,0,0,5196,4365,1354,1118,0,0,0,0,0,0,0.17773438,-0.015625,-0.140625,-0.703125,0,0,0,0,0,0,0.484375,0.515625,1.49414062,1.32421875,0,0,0,0,0,0,background
4,11.0,32.0,11.0,32.0,0,0,0,0,0,0,0.0,0.0,0.0,0.0,0,0,0,0,0,0,5151,4323,1349,1140,0,0,0,0,0,0,0.17773438,-0.015625,-0.140625,-0.703125,0,0,0,0,0,0,0.484375,0.515625,1.49414062,1.32421875,0,0,0,0,0,0,background
5,11.0,13.0,32.0,11.0,32.0,0,0,0,0,0,0.0,0.0,0.0,0.0,0.0,0,0,0,0,0,5159,4326,4449,1341,1135,0,0,0,0,0,0.17773438,-0.015625,0.0,-0.140625,-0.703125,0,0,0,0,0,0.484375,0.515625,0.609375,1.49414062,1.32421875,0,0,0,0,0,slideUp
5,11.0,13.0,32.0,11.0,32.0,0,0,0,0,0,0.0,0.0,0.0,0.0,0.0,0,0,0,0,0,5126,4277,4617,1293,1103,0,0,0,0,0,0.17773438,-0.015625,0.0,-0.140625,-0.703125,0,0,0,0,0,0.484375,0.515625,0.609375,1.49414062,1.32421875,0,0,0,0,0,slideUp
5,11.0,13.0,32.0,11.0,32.0,0,0,0,0,0,0.0,0.0,0.0,0.0,0.0,0,0,0,0,0,5103,4302,4490,1294,1092,0,0,0,0,0,0.17773438,-0.015625,0.0,-0.140625,-0.703125,0,0,0,0,0,0.484375,0.515625,0.609375,1.49414062,1.32421875,0,0,0,0,0,slideUp
5,11.0,13.0,32.0,11.0,32.0,0,0,0,0,0,0.0,0.0,0.0,0.0,0.0,0,0,0,0,0,5259,4606,4446,1289,1078,0,0,0,0,0,0.17773438,-0.015625,0.0,-0.140625,-0.703125,0,0,0,0,0,0.484375,0.515625,0.609375,1.49414062,1.32421875,0,0,0,0,0,slideUp
7,11.0,13.0,32.0,7.0,11.0,32.0,7.0,0,0,0,-1.0,-1.0,0.0,0.0,0.0,0.0,0.0,0,0,0,2837,2554,5269,4761,4736,1280,1059,0,0,0,0.05078125,-0.07226562,0.17773438,-0.015625,0.0,-0.1875,-0.703125,0,0,0,0.32421875,0.3203125,0.484375,0.515625,0.609375,1.48828125,1.32421875,0,0,0,slideUp
6,11.0,13.0,32.0,6.0,11.0,32.0,0,0,0,0,-2.0,0.0,0.0,0.0,0.0,0.0,0,0,0,0,2989,5348,4872,5182,1247,1061,0,0,0,0,-0.01757812,0.17773438,-0.015625,0.0,-0.1875,-0.703125,0,0,0,0,0.28125,0.484375,0.515625,0.609375,1.48828125,1.32421875,0,0,0,0,slideUp
6,11.0,32.0,6.0,11.0,32.0,6.0,0,0,0,0,-3.0,-3.0,0.0,0.0,0.0,0.0,0,0,0,0,473,444,5434,5208,1383,1116,0,0,0,0,-0.0625,0.03515625,0.17773438,-0.015625,-0.1875,-0.703125,0,0,0,0,0.27539062,0.27929688,0.484375,0.515625,1.48828125,1.32421875,0,0,0,0,slideUp
7,11.0,32.0,33.0,6.0,11.0,32.0,6.0,0,0,0,-2.0,-2.0,0.0,0.0,0.0,0.0,-4.0,0,0,0,978,833,5791,5601,1616,1314,26,0,0,0,-0.04492188,0.0625,0.17773438,-0.015625,-0.140625,-0.703125,0.2421875,0,0,0,0.27734375,0.27539062,0.484375,0.515625,1.49414062,1.32421875,1.52734375,0,0,0,slideUp
4,11.0,32.0,11.0,32.0,0,0,0,0,0,0,0.0,0.0,0.0,0.0,0,0,0,0,0,0,5878,5517,1288,1196,0,0,0,0,0,0,0.17773438,-0.015625,-0.140625,-0.703125,0,0,0,0,0,0,0.484375,0.515625,1.49414062,1.32421875,0,0,0,0,0,0,slideUp
4,11.0,32.0,11.0,32.0,0,0,0,0,0,0,0.0,0.0,0.0,0.0,0,0,0,0,0,0,6066,5797,1412,1241,0,0,0,0,0,0,0.17773438,-0.015625,-0.140625,-0.703125,0,0,0,0,0,0,0.484375,0.515625,1.49414062,1.32421875,0,0,0,0,0,0,slideUp
4,11.0,32.0,11.0,32.0,0,0,0,0,0,0,0.0,0.0,0.0,0.0,0,0,0,0,0,0,5895,5813,1402,1190,0,0,0,0,0,0,0.16210938,-0.015625,-0.140625,-0.703125,0,0,0,0,0,0,0.49023438,0.515625,1.49414062,1.32421875,0,0,0,0,0,0,slideUp
4,11.0,32.0,11.0,32.0,0,0,0,0,0,0,0.0,0.0,0.0,0.0,0,0,0,0,0,0,5656,5542,1365,1177,0,0,0,0,0,0,-0.015625,0.17773438,-0.140625,-0.703125,0,0,0,0,0,0,0.515625,0.484375,1.49414062,1.32421875,0,0,0,0,0,0,slideUp
4,11.0,32.0,11.0,32.0,0,0,0,0,0,0,0.0,0.0,0.0,0.0,0,0,0,0,0,0,5557,5464,1335,1179,0,0,0,0,0,0,-0.015625,0.17773438,-0.140625,-0.703125,0,0,0,0,0,0,0.515625,0.484375,1.49414062,1.32421875,0,0,0,0,0,0,slideUp
4,11.0,32.0,11.0,32.0,0,0,0,0,0,0,0.0,0.0,0.0,0.0,0,0,0,0,0,0,5273,5235,1225,1150,0,0,0,0,0,0,-0.015625,0.17773438,-0.140625,-0.703125,0,0,0,0,0,0,0.515625,0.484375,1.49414062,1.32421875,0,0,0,0,0,0,slideUp
4,11.0,32.0,11.0,32.0,0,0,0,0,0,0,0.0,0.0,0.0,0.0,0,0,0,0,0,0,5238,5235,1209,1148,0,0,0,0,0,0,-0.015625,0.17773438,-0.140625,-0.703125,0,0,0,0,0,0,0.515625,0.484375,1.49414062,1.32421875,0,0,0,0,0,0,slideUp
4,11.0,32.0,11.0,32.0,0,0,0,0,0,0,0.0,0.0,0.0,0.0,0,0,0,0,0,0,5350,5345,1192,1143,0,0,0,0,0,0,0.17773438,-0.015625,-0.140625,-0.703125,0,0,0,0,0,0,0.484375,0.515625,1.49414062,1.32421875,0,0,0,0,0,0,slideUp
4,11.0,32.0,11.0,32.0,0,0,0,0,0,0,0.0,0.0,0.0,0.0,0,0,0,0,0,0,5378,5335,1191,1139,0,0,0,0,0,0,0.17773438,-0.015625,-0.140625,-0.703125,0,0,0,0,0,0,0.484375,0.515625,1.49414062,1.32421875,0,0,0,0,0,0,slideUp
5,11.0,13.0,32.0,11.0,32.0,0,0,0,0,0,0.0,0.0,0.0,0.0,0.0,0,0,0,0,0,5237,5198,5012,1200,1151,0,0,0,0,0,0.17773438,-0.015625,0.0,-0.140625,-0.703125,0,0,0,0,0,0.484375,0.515625,0.609375,1.49414062,1.32421875,0,0,0,0,0,slideUp
4,11.0,32.0,11.0,32.0,0,0,0,0,0,0,0.0,0.0,0.0,0.0,0,0,0,0,0,0,5177,5154,1201,1159,0,0,0,0,0,0,0.17773438,-0.015625,-0.140625,-0.703125,0,0,0,0,0,0,0.484375,0.515625,1.49414062,1.32421875,0,0,0,0,0,0,slideUp
4,11.0,32.0,11.0,32.0,0,0,0,0,0,0,0.0,0.0,0.0,0.0,0,0,0,0,0,0,5127,5123,1189,1154,0,0,0,0,0,0,-0.015625,0.17773438,-0.140625,-0.703125,0,0,0,0,0,0,0.515625,0.484375,1.49414062,1.32421875,0,0,0,0,0,0,slideUp
4,11.0,32.0,11.0,32.0,0,0,0,0,0,0,0.0,0.0,0.0,0.0,0,0,0,0,0,0,5120,5078,1183,1157,0,0,0,0,0,0,0.17773438,-0.015625,-0.140625,-0.703125,0,0,0,0,0,0,0.484375,0.515625,1.49414062,1.32421875,0,0,0,0,0,0,slideUp
4,11.0,32.0,11.0,32.0,0,0,0,0,0,0,0.0,0.0,0.0,0.0,0,0,0,0,0,0,5093,5030,1173,1153,0,0,0,0,0,0,0.17773438,-0.015625,-0.140625,-0.703125,0,0,0,0,0,0,0.484375,0.515625,1.49414062,1.32421875,0,0,0,0,0,0,slideUp
4,11.0,32.0,11.0,32.0,0,0,0,0,0,0,0.0,0.0,0.0,0.0,0,0,0,0,0,0,4995,4890,1156,1148,0,0,0,0,0,0,0.17773438,-0.015625,-0.140625,-0.703125,0,0,0,0,0,0,0.484375,0.515625,1.49414062,1.32421875,0,0,0,0,0,0,slideUp
4,11.0,32.0,11.0,32.0,0,0,0,0,0,0,0.0,0.0,0.0,0.0,0,0,0,0,0,0,4950,4899,1167,1156,0,0,0,0,0,0,0.17773438,-0.015625,-0.140625,-0.703125,0,0,0,0,0,0,0.484375,0.515625,1.49414062,1.32421875,0,0,0,0,0,0,background
4,11.0,32.0,11.0,32.0,0,0,0,0,0,0,0.0,0.0,0.0,0.0,0,0,0,0,0,0,5018,4977,1159,1154,0,0,0,0,0,0,-0.015625,0.17773438,-0.140625,-0.703125,0,0,0,0,0,0,0.515625,0.484375,1.49414062,1.32421875,0,0,0,0,0,0,background
4,11.0,32.0,11.0,32.0,0,0,0,0,0,0,0.0,0.0,0.0,0.0,0,0,0,0,0,0,4923,4920,1160,1149,0,0,0,0,0,0,0.17773438,-0.015625,-0.703125,-0.140625,0,0,0,0,0,0,0.484375,0.515625,1.32421875,1.49414062,0,0,0,0,0,0,background
8,8.0,11.0,13.0,32.0,8.0,11.0,13.0,32.0,0,0,0.0,0.0,0.0,0.0,0.0,0.0,0.0,0.0,0,0,2056,1855,4858,4750,3684,2815,1173,1163,0,0,0.0,-0.140625,0.16210938,-0.015625,0.0390625,-0.19140625,-0.703125,-0.140625,0,0,0.375,0.34765625,0.49023438,0.515625,0.60742188,0.578125,1.32421875,1.49414062,0,0,background
8,11.0,13.0,32.0,6.0,8.0,11.0,32.0,8.0,0,0,2.0,-1.0,-1.0,0.0,0.0,0.0,0.0,0.0,0,0,442,1613,1493,4919,4526,4189,1205,1167,0,0,-0.0625,0.0,-0.140625,0.17773438,-0.015625,0.01953125,-0.65625,-0.09375,0,0,0.27539062,0.375,0.34765625,0.484375,0.515625,0.609375,1.34960938,1.49804688,0,0,background
6,11.0,13.0,32.0,6.0,11.0,32.0,0,0,0,0,2.0,0.0,0.0,0.0,0.0,0.0,0,0,0,0,1011,5101,4543,4617,1179,1161,0,0,0,0,0.03515625,0.17773438,-0.015625,0.01953125,-0.65625,-0.09375,0,0,0,0,0.27929688,0.484375,0.515625,0.609375,1.34960938,1.49804688,0,0,0,0,background
6,11.0,13.0,32.0,6.0,11.0,32.0,0,0,0,0,2.0,0.0,0.0,0.0,0.0,0.0,0,0,0,0,1005,5572,4919,5417,1148,1112,0,0,0,0,0.00976562,0.17773438,0.0,0.01953125,-0.65625,-0.09375,0,0,0,0,0.28125,0.484375,0.515625,0.609375,1.34960938,1.49804688,0,0,0,0,background
7,11.0,13.0,32.0,6.0,11.0,32.0,6.0,0,0,0,2.0,2.0,0.0,0.0,0.0,0.0,0.0,0,0,0,586,583,5649,5157,5720,1124,1048,0,0,0,0.00976562,-0.08789062,0.17773438,0.0,0.0,-0.65625,-0.140625,0,0,0,0.28125,0.26757812,0.484375,0.515625,0.609375,1.34960938,1.49414062,0,0,0,background
6,11.0,32.0,7.0,11.0,32.0,7.0,0,0,0,0,1.0,1.0,0.0,0.0,0.0,0.0,0,0,0,0,2085,1645,5552,5323,1407,1195,0,0,0,0,0.02148438,-0.11328125,0.17773438,-0.015625,-0.140625,-0.703125,0,0,0,0,0.328125,0.30859375,0.484375,0.515625,1.49414062,1.32421875,0,0,0,0,background
5,11.0,32.0,7.0,11.0,32.0,0,0,0,0,0,1.0,0.0,0.0,0.0,0.0,0,0,0,0,0,5127,5731,5397,1318,1136,0,0,0,0,0,0.05078125,0.17773438,-0.015625,-0.140625,-0.703125,0,0,0,0,0,0.32421875,0.484375,0.515625,1.49414062,1.32421875,0,0,0,0,0,background
7,11.0,32.0,7.0,12.0,11.0,32.0,12.0,0,0,0,1.0,0.0,0.0,3.0,3.0,0.0,0.0,0,0,0,6598,5997,5551,65,55,1255,1086,0,0,0,0.03125,0.17773438,-0.015625,0.0703125,-0.140625,-0.1875,-0.703125,0,0,0,0.32617188,0.484375,0.515625,0.55859375,0.54492188,1.48828125,1.32421875,0,0,0,background
4,11.0,32.0,11.0,32.0,0,0,0,0,0,0,0.0,0.0,0.0,0.0,0,0,0,0,0,0,6293,5655,1271,1066,0,0,0,0,0,0,0.17773438,-0.015625,-0.1875,-0.703125,0,0,0,0,0,0,0.484375,0.515625,1.48828125,1.32421875,0,0,0,0,0,0,background
4,11.0,32.0,11.0,32.0,0,0,0,0,0,0,0.0,0.0,0.0,0.0,0,0,0,0,0,0,6219,5399,1243,1043,0,0,0,0,0,0,0.17773438,-0.015625,-0.1875,-0.703125,0,0,0,0,0,0,0.484375,0.515625,1.48828125,1.32421875,0,0,0,0,0,0,background
6,7.0,11.0,32.0,7.0,11.0,32.0,0,0,0,0,0.0,0.0,0.0,0.0,0.0,0.0,0,0,0,0,4306,3243,6132,5244,1222,1012,0,0,0,0,0.00976562,-0.11328125,0.17773438,-0.015625,-0.1875,-0.703125,0,0,0,0,0.328125,0.30859375,0.484375,0.515625,1.48828125,1.32421875,0,0,0,0,background
6,7.0,11.0,32.0,7.0,11.0,32.0,0,0,0,0,0.0,0.0,0.0,0.0,0.0,0.0,0,0,0,0,4388,3248,6074,5137,1226,1012,0,0,0,0,0.00976562,-0.11328125,0.17773438,-0.015625,-0.1875,-0.703125,0,0,0,0,0.328125,0.30859375,0.484375,0.515625,1.48828125,1.32421875,0,0,0,0,background
5,7.0,11.0,32.0,11.0,32.0,0,0,0,0,0,0.0,0.0,0.0,0.0,0.0,0,0,0,0,0,5675,6072,5102,1231,1015,0,0,0,0,0,0.00976562,0.17773438,-0.015625,-0.1875,-0.703125,0,0,0,0,0,0.328125,0.484375,0.515625,1.48828125,1.32421875,0,0,0,0,0,background
6,7.0,11.0,13.0,32.0,11.0,32.0,0,0,0,0,0.0,0.0,0.0,0.0,0.0,0.0,0,0,0,0,5710,6097,5101,5317,1220,1009,0,0,0,0,0.00976562,0.17773438,-0.015625,0.0,-0.1875,-0.703125,0,0,0,0,0.328125,0.484375,0.515625,0.609375,1.48828125,1.32421875,0,0,0,0,background
5,7.0,11.0,32.0,11.0,32.0,0,0,0,0,0,0.0,0.0,0.0,0.0,0.0,0,0,0,0,0,5896,6109,5094,1224,1009,0,0,0,0,0,0.02148438,0.17773438,-0.015625,-0.1875,-0.703125,0,0,0,0,0,0.328125,0.484375,0.515625,1.48828125,1.32421875,0,0,0,0,0,slideUp
5,7.0,11.0,32.0,11.0,32.0,0,0,0,0,0,0.0,0.0,0.0,0.0,0.0,0,0,0,0,0,6371,6052,5019,1227,1017,0,0,0,0,0,0.02148438,0.17773438,-0.015625,-0.1875,-0.703125,0,0,0,0,0,0.328125,0.484375,0.515625,1.48828125,1.32421875,0,0,0,0,0,slideUp
6,7.0,11.0,13.0,32.0,11.0,32.0,0,0,0,0,0.0,0.0,0.0,0.0,0.0,0.0,0,0,0,0,6859,5928,4888,5077,1239,1025,0,0,0,0,0.02148438,0.17773438,-0.015625,0.0,-0.1875,-0.703125,0,0,0,0,0.328125,0.484375,0.515625,0.609375,1.48828125,1.32421875,0,0,0,0,slideUp
6,7.0,11.0,32.0,7.0,11.0,32.0,0,0,0,0,0.0,0.0,0.0,0.0,0.0,0.0,0,0,0,0,8519,6184,5676,4664,1256,1009,0,0,0,0,0.03125,-0.10351562,0.17773438,-0.015625,-0.1875,-0.703125,0,0,0,0,0.32617188,0.3125,0.484375,0.515625,1.48828125,1.32421875,0,0,0,0,slideUp
6,7.0,11.0,32.0,7.0,11.0,32.0,0,0,0,0,0.0,0.0,0.0,0.0,0.0,0.0,0,0,0,0,8496,6296,5649,4652,1254,998,0,0,0,0,0.03125,-0.10351562,0.17773438,-0.015625,-0.1875,-0.703125,0,0,0,0,0.32617188,0.3125,0.484375,0.515625,1.48828125,1.32421875,0,0,0,0,slideUp
7,7.0,11.0,13.0,32.0,7.0,11.0,32.0,0,0,0,0.0,0.0,0.0,0.0,0.0,0.0,0.0,0,0,0,7049,5667,5500,4627,4834,1257,987,0,0,0,0.03125,-0.10351562,0.17773438,-0.015625,0.01953125,-0.1875,-0.703125,0,0,0,0.32617188,0.3125,0.484375,0.515625,0.609375,1.48828125,1.32421875,0,0,0,slideUp
7,7.0,11.0,13.0,32.0,7.0,11.0,32.0,0,0,0,0.0,0.0,0.0,0.0,0.0,0.0,0.0,0,0,0,6213,5145,5472,4659,4584,1261,991,0,0,0,0.03125,-0.10351562,0.17773438,-0.015625,0.01953125,-0.1875,-0.703125,0,0,0,0.32617188,0.3125,0.484375,0.515625,0.609375,1.48828125,1.32421875,0,0,0,slideUp
7,7.0,11.0,13.0,32.0,7.0,11.0,32.0,0,0,0,0.0,0.0,0.0,0.0,0.0,0.0,0.0,0,0,0,5478,4729,5441,4666,4341,1282,1012,0,0,0,0.03125,-0.10351562,0.17773438,-0.015625,0.01953125,-0.1875,-0.703125,0,0,0,0.32617188,0.3125,0.484375,0.515625,0.609375,1.48828125,1.32421875,0,0,0,slideUp
6,7.0,11.0,32.0,7.0,11.0,32.0,0,0,0,0,0.0,0.0,0.0,0.0,0.0,0.0,0,0,0,0,4643,3406,5451,4754,1350,996,0,0,0,0,0.0625,-0.05078125,0.17773438,-0.015625,-0.1875,-0.703125,0,0,0,0,0.32226562,0.32421875,0.484375,0.515625,1.48828125,1.32421875,0,0,0,0,slideUp
5,11.0,32.0,7.0,11.0,32.0,0,0,0,0,0,-1.0,0.0,0.0,0.0,0.0,0,0,0,0,0,3674,5398,4532,1318,953,0,0,0,0,0,0.03125,0.17773438,-0.015625,-0.1875,-0.703125,0,0,0,0,0,0.32617188,0.484375,0.515625,1.48828125,1.32421875,0,0,0,0,0,slideUp
6,11.0,32.0,6.0,11.0,32.0,6.0,0,0,0,0,-3.0,-3.0,0.0,0.0,0.0,0.0,0,0,0,0,1789,1271,6217,5671,1639,1225,0,0,0,0,0.03515625,-0.08007812,0.17773438,-0.015625,-0.140625,-0.703125,0,0,0,0,0.27929688,0.26953125,0.484375,0.515625,1.49414062,1.32421875,0,0,0,0,slideUp
6,11.0,32.0,6.0,11.0,32.0,6.0,0,0,0,0,-3.0,-3.0,0.0,0.0,0.0,0.0,0,0,0,0,968,746,6147,5366,1499,1173,0,0,0,0,0.03515625,-0.0703125,0.17773438,-0.015625,-0.140625,-0.703125,0,0,0,0,0.27929688,0.27148438,0.484375,0.515625,1.49414062,1.32421875,0,0,0,0,slideUp
5,11.0,13.0,32.0,11.0,32.0,0,0,0,0,0,0.0,0.0,0.0,0.0,0.0,0,0,0,0,0,5747,5185,3914,1499,1386,0,0,0,0,0,0.17773438,-0.015625,0.0390625,-0.140625,-0.703125,0,0,0,0,0,0.484375,0.515625,0.60742188,1.49414062,1.32421875,0,0,0,0,0,slideUp
5,11.0,13.0,32.0,11.0,32.0,0,0,0,0,0,0.0,0.0,0.0,0.0,0.0,0,0,0,0,0,4890,4838,4056,1456,1368,0,0,0,0,0,0.0,0.19335938,0.0390625,-0.09375,-0.65625,0,0,0,0,0,0.515625,0.47851562,0.60742188,1.49804688,1.34960938,0,0,0,0,0,slideUp
5,11.0,13.0,32.0,11.0,32.0,0,0,0,0,0,0.0,0.0,0.0,0.0,0.0,0,0,0,0,0,5601,5349,4209,1505,1418,0,0,0,0,0,0.17773438,-0.015625,0.0390625,-0.09375,-0.65625,0,0,0,0,0,0.484375,0.515625,0.60742188,1.49804688,1.34960938,0,0,0,0,0,slideUp
5,8.0,11.0,32.0,11.0,32.0,0,0,0,0,0,0.0,0.0,0.0,0.0,0.0,0,0,0,0,0,2866,6067,5892,1692,1445,0,0,0,0,0,0.0234375,0.17773438,-0.015625,-0.09375,-0.65625,0,0,0,0,0,0.375,0.484375,0.515625,1.49804688,1.34960938,0,0,0,0,0,slideUp
6,8.0,11.0,32.0,8.0,11.0,32.0,0,0,0,0,0.0,0.0,0.0,0.0,0.0,0.0,0,0,0,0,2884,2211,6145,6101,1698,1461,0,0,0,0,0.01171875,-0.12890625,-0.015625,0.17773438,-0.09375,-0.65625,0,0,0,0,0.375,0.3515625,0.515625,0.484375,1.49804688,1.34960938,0,0,0,0,slideUp
4,11.0,32.0,11.0,32.0,0,0,0,0,0,0,0.0,0.0,0.0,0.0,0,0,0,0,0,0,6134,6081,1742,1501,0,0,0,0,0,0,-0.015625,0.17773438,-0.09375,-0.65625,0,0,0,0,0,0,0.515625,0.484375,1.49804688,1.34960938,0,0,0,0,0,0,slideUp
6,8.0,11.0,32.0,8.0,11.0,32.0,0,0,0,0,0.0,0.0,0.0,0.0,0.0,0.0,0,0,0,0,2758,2078,6061,6010,1725,1502,0,0,0,0,0.01171875,-0.12890625,-0.015625,0.17773438,-0.09375,-0.65625,0,0,0,0,0.375,0.3515625,0.515625,0.484375,1.49804688,1.34960938,0,0,0,0,slideUp
4,11.0,32.0,11.0,32.0,0,0,0,0,0,0,0.0,0.0,0.0,0.0,0,0,0,0,0,0,5797,5763,1723,1504,0,0,0,0,0,0,-0.015625,0.17773438,-0.09375,-0.65625,0,0,0,0,0,0,0.515625,0.484375,1.49804688,1.34960938,0,0,0,0,0,0,slideUp
4,11.0,32.0,11.0,32.0,0,0,0,0,0,0,0.0,0.0,0.0,0.0,0,0,0,0,0,0,5502,5481,1738,1514,0,0,0,0,0,0,-0.015625,0.17773438,-0.09375,-0.65625,0,0,0,0,0,0,0.515625,0.484375,1.49804688,1.34960938,0,0,0,0,0,0,slideUp
4,11.0,32.0,11.0,32.0,0,0,0,0,0,0,0.0,0.0,0.0,0.0,0,0,0,0,0,0,5377,5373,1728,1514,0,0,0,0,0,0,0.17773438,-0.015625,-0.09375,-0.65625,0,0,0,0,0,0,0.484375,0.515625,1.49804688,1.34960938,0,0,0,0,0,0,slideUp
4,11.0,32.0,11.0,32.0,0,0,0,0,0,0,0.0,0.0,0.0,0.0,0,0,0,0,0,0,5038,4998,1696,1501,0,0,0,0,0,0,0.17773438,-0.015625,-0.09375,-0.65625,0,0,0,0,0,0,0.484375,0.515625,1.49804688,1.34960938,0,0,0,0,0,0,background
5,11.0,13.0,32.0,11.0,32.0,0,0,0,0,0,0.0,0.0,0.0,0.0,0.0,0,0,0,0,0,4960,4855,3443,1679,1487,0,0,0,0,0,0.17773438,-0.015625,0.0390625,-0.09375,-0.65625,0,0,0,0,0,0.484375,0.515625,0.60742188,1.49804688,1.34960938,0,0,0,0,0,background
5,11.0,14.0,32.0,11.0,32.0,0,0,0,0,0,0.0,0.0,0.0,0.0,0.0,0,0,0,0,0,4909,4746,4089,1631,1453,0,0,0,0,0,0.17773438,-0.015625,0.0,-0.09375,-0.65625,0,0,0,0,0,0.484375,0.515625,0.65625,1.49804688,1.34960938,0,0,0,0,0,background
5,11.0,14.0,32.0,11.0,32.0,0,0,0,0,0,0.0,0.0,0.0,0.0,0.0,0,0,0,0,0,4859,4683,3813,1697,1484,0,0,0,0,0,0.17773438,-0.015625,0.02148438,-0.09375,-0.65625,0,0,0,0,0,0.484375,0.515625,0.65625,1.49804688,1.34960938,0,0,0,0,0,background
4,11.0,32.0,11.0,32.0,0,0,0,0,0,0,0.0,0.0,0.0,0.0,0,0,0,0,0,0,4942,4789,1630,1450,0,0,0,0,0,0,0.17773438,-0.015625,-0.09375,-0.65625,0,0,0,0,0,0,0.484375,0.515625,1.49804688,1.34960938,0,0,0,0,0,0,background
4,11.0,32.0,11.0,32.0,0,0,0,0,0,0,0.0,0.0,0.0,0.0,0,0,0,0,0,0,4962,4814,1550,1422,0,0,0,0,0,0,0.17773438,-0.015625,-0.09375,-0.65625,0,0,0,0,0,0,0.484375,0.515625,1.49804688,1.34960938,0,0,0,0,0,0,background
5,11.0,14.0,32.0,11.0,32.0,0,0,0,0,0,0.0,0.0,0.0,0.0,0.0,0,0,0,0,0,4848,4662,4275,1492,1394,0,0,0,0,0,0.17773438,-0.015625,0.02148438,-0.09375,-0.65625,0,0,0,0,0,0.484375,0.515625,0.65625,1.49804688,1.34960938,0,0,0,0,0,background
5,11.0,14.0,32.0,11.0,32.0,0,0,0,0,0,0.0,0.0,0.0,0.0,0.0,0,0,0,0,0,4951,4655,4481,1413,1367,0,0,0,0,0,0.17773438,-0.015625,0.0,-0.09375,-0.65625,0,0,0,0,0,0.484375,0.515625,0.65625,1.49804688,1.34960938,0,0,0,0,0,background
5,11.0,14.0,32.0,11.0,32.0,0,0,0,0,0,0.0,0.0,0.0,0.0,0.0,0,0,0,0,0,4598,4157,4177,1408,1343,0,0,0,0,0,0.19335938,0.0,0.0,-0.09375,-0.65625,0,0,0,0,0,0.47851562,0.515625,0.65625,1.49804688,1.34960938,0,0,0,0,0,background
7,8.0,11.0,13.0,32.0,8.0,11.0,32.0,0,0,0,0.0,0.0,0.0,0.0,0.0,0.0,0.0,0,0,0,2774,2310,4989,4711,3395,1401,1309,0,0,0,0.0234375,-0.12890625,0.19335938,0.015625,0.0390625,-0.09375,-0.65625,0,0,0,0.375,0.3515625,0.47851562,0.515625,0.60742188,1.49804688,1.34960938,0,0,0,background
5,11.0,13.0,32.0,11.0,32.0,0,0,0,0,0,0.0,0.0,0.0,0.0,0.0,0,0,0,0,0,5303,4805,3481,1394,1304,0,0,0,0,0,0.19335938,0.0,0.0390625,-0.09375,-0.65625,0,0,0,0,0,0.47851562,0.515625,0.60742188,1.49804688,1.34960938,0,0,0,0,0,background
6,8.0,11.0,13.0,32.0,11.0,32.0,0,0,0,0,0.0,0.0,0.0,0.0,0.0,0.0,0,0,0,0,2945,5109,4812,3735,1533,1296,0,0,0,0,0.0234375,0.19335938,0.0,0.0390625,-0.09375,-0.65625,0,0,0,0,0.375,0.47851562,0.515625,0.60742188,1.49804688,1.34960938,0,0,0,0,background
7,7.0,11.0,13.0,32.0,7.0,11.0,32.0,0,0,0,0.0,0.0,0.0,0.0,0.0,0.0,0.0,0,0,0,3846,2784,5170,4781,3638,1572,1284,0,0,0,0.03125,-0.10351562,0.19335938,0.0,0.0390625,-0.09375,-0.65625,0,0,0,0.32617188,0.3125,0.47851562,0.515625,0.60742188,1.49804688,1.34960938,0,0,0,background
5,11.0,13.0,32.0,11.0,32.0,0,0,0,0,0,0.0,0.0,0.0,0.0,0.0,0,0,0,0,0,5460,4785,3224,1680,1350,0,0,0,0,0,0.17773438,0.0,0.0390625,-0.09375,-0.65625,0,0,0,0,0,0.484375,0.515625,0.60742188,1.49804688,1.34960938,0,0,0,0,0,background
4,11.0,32.0,11.0,32.0,0,0,0,0,0,0,0.0,0.0,0.0,0.0,0,0,0,0,0,0,6130,5141,1944,1385,0,0,0,0,0,0,0.17773438,-0.015625,-0.09375,-0.65625,0,0,0,0,0,0,0.484375,0.515625,1.49804688,1.34960938,0,0,0,0,0,0,background
4,11.0,32.0,11.0,32.0,0,0,0,0,0,0,0.0,0.0,0.0,0.0,0,0,0,0,0,0,6386,5429,1938,1386,0,0,0,0,0,0,0.17773438,-0.015625,-0.09375,-0.65625,0,0,0,0,0,0,0.484375,0.515625,1.49804688,1.34960938,0,0,0,0,0,0,background
4,11.0,32.0,11.0,32.0,0,0,0,0,0,0,0.0,0.0,0.0,0.0,0,0,0,0,0,0,6249,5409,1871,1436,0,0,0,0,0,0,0.17773438,-0.015625,-0.140625,-0.703125,0,0,0,0,0,0,0.484375,0.515625,1.49414062,1.32421875,0,0,0,0,0,0,background
4,11.0,32.0,11.0,32.0,0,0,0,0,0,0,0.0,0.0,0.0,0.0,0,0,0,0,0,0,6339,5479,1793,1335,0,0,0,0,0,0,0.17773438,-0.015625,-0.140625,-0.703125,0,0,0,0,0,0,0.484375,0.515625,1.49414062,1.32421875,0,0,0,0,0,0,background
5,11.0,14.0,32.0,11.0,32.0,0,0,0,0,0,0.0,0.0,0.0,0.0,0.0,0,0,0,0,0,6137,4851,4743,1485,1073,0,0,0,0,0,0.17773438,-0.015625,0.0,-0.1875,-0.703125,0,0,0,0,0,0.484375,0.515625,0.65625,1.48828125,1.32421875,0,0,0,0,0,background
4,11.0,14.0,32.0,11.0,0,0,0,0,0,0,0.0,0.0,0.0,0.0,0,0,0,0,0,0,6272,4746,4384,1464,0,0,0,0,0,0,0.17773438,-0.015625,0.02148438,-0.1875,0,0,0,0,0,0,0.484375,0.515625,0.65625,1.48828125,0,0,0,0,0,0,background
3,11.0,32.0,11.0,0,0,0,0,0,0,0,0.0,0.0,0.0,0,0,0,0,0,0,0,6303,4602,1455,0,0,0,0,0,0,0,0.17773438,-0.015625,-0.1875,0,0,0,0,0,0,0,0.484375,0.515625,1.48828125,0,0,0,0,0,0,0,background
