numObj,rangeIdx,range,dopplerIdx,doppler,peakVal,x,y,z,Label
5,[ 1 13 25 40 13],[0.046875 0.609375 1.171875 1.875    0.609375],[0 0 0 0 0],[0. 0. 0. 0. 0.],[2630 1980 3730 3574 1742],[-0.04492188 -0.07617188  0.07421875 -0.8203125   0.07617188],[0.01171875 0.60546875 1.16992188 1.68554688 0.60546875],[0. 0. 0. 0. 0.],background
4,[ 1 13 25 40],[0.046875 0.609375 1.171875 1.875   ],[0 0 0 0],[0. 0. 0. 0.],[2618 2877 3490 3500],[-0.04492188 -0.07617188  0.07421875 -0.8203125 ],[0.01171875 0.60546875 1.16992188 1.68554688],[0. 0. 0. 0.],background
5,[ 1 13 25 40 13],[0.046875 0.609375 1.171875 1.875    0.609375],[0 0 0 0 0],[0. 0. 0. 0. 0.],[2610 5225 3515 3470 3913],[-0.04492188  0.          0.07421875 -0.8203125  -0.22851562],[0.01171875 0.609375   1.16992188 1.68554688 0.56445312],[0. 0. 0. 0. 0.],background
5,[ 1 12 25 40 12],[0.046875 0.5625   1.171875 1.875    0.5625  ],[0 0 0 0 0],[0. 0. 0. 0. 0.],[2604 4132 3814 3906 3124],[-0.04492188  0.01757812  0.07421875 -0.8203125  -0.19335938],[0.01171875 0.5625     1.16992188 1.68554688 0.52734375],[0. 0. 0. 0. 0.],background
6,[ 1 25 38 13 38 13],[0.046875 1.171875 1.78125  0.609375 1.78125  0.609375],[0 0 0 1 0 1],[0.         0.         0.         0.05853521 0.         0.05853521],[2598 4144 2747 2033 2210 1798],[-0.04492188  0.07421875 -0.27929688  0.07617188 -0.890625   -0.1328125 ],[0.01171875 1.16992188 1.75976562 0.60546875 1.54296875 0.59375   ],[0. 0. 0. 0. 0. 0.],background
5,[ 1 25 38 40 38],[0.046875 1.171875 1.78125  1.875    1.78125 ],[0 0 0 0 0],[0. 0. 0. 0. 0.],[2595 3921 2484 3210 2058],[-0.04492188  0.07421875 -0.27929688 -0.8203125  -0.890625  ],[0.01171875 1.16992188 1.75976562 1.68554688 1.54296875],[0. 0. 0. 0. 0.],background
5,[ 1 25 38 40 38],[0.046875 1.171875 1.78125  1.875    1.78125 ],[0 0 0 0 0],[0. 0. 0. 0. 0.],[2593 4424 2319 3013 1883],[-0.04492188  0.07421875 -0.27929688 -0.76171875 -0.890625  ],[0.01171875 1.16992188 1.75976562 1.71289062 1.54296875],[0. 0. 0. 0. 0.],background
6,[ 1 25 38 16 38 16],[0.046875 1.171875 1.78125  0.75     1.78125  0.75    ],[0 0 0 4 0 4],[0.         0.         0.         0.23414086 0.         0.23414086],[2595 4674 2360  346 1846  288],[-0.04492188  0.07421875 -0.27929688  0.28125    -0.890625   -0.3984375 ],[0.01171875 1.16992188 1.75976562 0.6953125  1.54296875 0.63476562],[0. 0. 0. 0. 0. 0.],background
8,[ 1 25 36 38 13 16 13 16],[0.046875 1.171875 1.6875   1.78125  0.609375 0.75     0.609375 0.75    ],[0 0 0 0 3 5 3 5],"[0.         0.         0.         0.         0.17560564 0.29267607
 0.17560564 0.29267607]",[2590 4304 4043 2866  429  409  408  320],"[-0.04492188  0.07421875 -0.10546875 -0.22265625  0.01953125 -0.140625
 -0.20898438 -0.3984375 ]","[0.01171875 1.16992188 1.68359375 1.76757812 0.609375   0.73632812
 0.57226562 0.63476562]",[0. 0. 0. 0. 0. 0. 0. 0.],background
11,[ 1 25 36 40 16 13 24 16 16 13 16],"[0.046875 1.171875 1.6875   1.875    0.75     0.609375 1.125    0.75
 0.75     0.609375 0.75    ]",[0 0 0 0 4 5 5 9 4 5 9],"[0.         0.         0.         0.         0.23414086 0.29267607
 0.29267607 0.52681693 0.23414086 0.29267607 0.52681693]",[2581 4508 4520 3444   81  248  104  234   72  242  186],"[-0.04492188  0.07421875 -0.10546875 -0.8203125  -0.1875      0.
  1.01953125 -0.140625    0.09375    -0.22851562 -0.3984375 ]","[0.01171875 1.16992188 1.68359375 1.68554688 0.7265625  0.609375
 0.4765625  0.73632812 0.74414062 0.56445312 0.63476562]",[0. 0. 0. 0. 0. 0. 0. 0. 0. 0. 0.],background
10,[ 1 25 38 14 24 14 16 24 14 16],"[0.046875 1.171875 1.78125  0.65625  1.125    0.65625  0.75     1.125
 0.65625  0.75    ]",[ 0  0  0  5  6  7 10  6  7 10],"[0.         0.         0.         0.29267607 0.35121129 0.4097465
 0.58535215 0.35121129 0.4097465  0.58535215]",[2575 4325 3362  147  164  149  139  130  106  129],"[-0.04492188  0.07421875 -0.27929688 -0.0625      1.0546875  -0.04101562
 -0.140625   -0.3515625  -0.28710938 -0.421875  ]","[0.01171875 1.16992188 1.75976562 0.65429688 0.390625   0.65429688
 0.73632812 1.06835938 0.58984375 0.62109375]",[0. 0. 0. 0. 0. 0. 0. 0. 0. 0.],background
13,[ 1 25 36 40 26 13 14 25 17 54 26 25 17],"[0.046875 1.171875 1.6875   1.875    1.21875  0.609375 0.65625  1.171875
 0.796875 2.53125  1.21875  1.171875 0.796875]",[ 0  0  0  0  3  6  9  9 12 -7  3  9 12],"[ 0.          0.          0.          0.          0.17560564  0.35121129
  0.52681693  0.52681693  0.70242258 -0.4097465   0.17560564  0.52681693
  0.70242258]",[2575 4307 4343 3390  233   32  149   69   59   51  193   67   45],"[-0.04492188  0.07421875 -0.15820312 -0.8203125   0.          0.05664062
 -0.02148438  0.07421875 -0.15039062  0.08007812 -0.45703125 -0.3671875
 -0.42382812]","[0.01171875 1.16992188 1.6796875  1.68554688 1.21875    0.60742188
 0.65625    1.16992188 0.78320312 2.53125    1.13085938 1.11328125
 0.67578125]",[0. 0. 0. 0. 0. 0. 0. 0. 0. 0. 0. 0. 0.],background
6,[ 1 25 36 11 26 15],[0.046875 1.171875 1.6875   0.515625 1.21875  0.703125],[ 0  0  0  2  4 10],[0.         0.         0.         0.11707043 0.23414086 0.58535215],[2574 4280 4224  177  126  182],[-0.04492188  0.07421875 -0.15820312 -0.2421875   0.0390625   0.        ],[0.01171875 1.16992188 1.6796875  0.45507812 1.21875    0.703125  ],[0. 0. 0. 0. 0. 0.],background
8,[ 1 25 36 40 11 36 26 11],[0.046875 1.171875 1.6875   1.875    0.515625 1.6875   1.21875  0.515625],[0 0 0 0 2 3 6 2],"[0.         0.         0.         0.         0.11707043 0.17560564
 0.35121129 0.11707043]",[2574 4709 4317 3123  164  159   63  156],"[-0.04492188  0.07421875 -0.15820312 -0.87890625  0.          0.
  0.0390625  -0.2421875 ]","[0.01171875 1.16992188 1.6796875  1.65625    0.515625   1.6875
 1.21875    0.45507812]",[0. 0. 0. 0. 0. 0. 0. 0.],background
7,[ 1 25 36 40 11 37 15],[0.046875 1.171875 1.6875   1.875    0.515625 1.734375 0.703125],[0 0 0 0 3 4 7],"[0.         0.         0.         0.         0.17560564 0.23414086
 0.4097465 ]",[2575 4346 4259 3239  184  104   30],"[-0.04492188  0.07421875 -0.15820312 -0.8203125  -0.2265625   0.0546875
  0.06640625]","[0.01171875 1.16992188 1.6796875  1.68554688 0.46289062 1.734375
 0.69921875]",[0. 0. 0. 0. 0. 0. 0.],background
8,[ 1 25 36 40 12 37 16 12],[0.046875 1.171875 1.6875   1.875    0.5625   1.734375 0.75     0.5625  ],[0 0 0 0 3 3 6 3],"[0.         0.         0.         0.         0.17560564 0.17560564
 0.35121129 0.17560564]",[2571 4597 4396 3125   85  107   31   70],"[-0.04492188  0.07421875 -0.15820312 -0.87890625 -0.19335938 -0.0546875
  0.0234375   0.        ]","[0.01171875 1.16992188 1.6796875  1.65625    0.52734375 1.734375
 0.75       0.5625    ]",[0. 0. 0. 0. 0. 0. 0. 0.],background
6,[ 1 25 36 40 11  6],[0.046875 1.171875 1.6875   1.875    0.515625 0.28125 ],[0 0 0 0 3 7],[0.         0.         0.         0.         0.17560564 0.4097465 ],[2575 4491 4307 3175  176   39],[-0.04492188  0.07421875 -0.15820312 -0.87890625 -0.20898438  0.        ],[0.01171875 1.16992188 1.6796875  1.65625    0.47070312 0.28125   ],[0. 0. 0. 0. 0. 0.],background
6,[ 1 25 36 40 12  6],[0.046875 1.171875 1.6875   1.875    0.5625   0.28125 ],[ 0  0  0  0  2 10],[0.         0.         0.         0.         0.11707043 0.58535215],[2573 4468 4342 3201  163   47],[-0.04492188  0.07421875 -0.15820312 -0.8203125  -0.29882812  0.03515625],[0.01171875 1.16992188 1.6796875  1.68554688 0.4765625  0.27929688],[0. 0. 0. 0. 0. 0.],background
8,[ 1 25 36 40 13  8  7 13],[0.046875 1.171875 1.6875   1.875    0.609375 0.375    0.328125 0.609375],[ 0  0  0  0  2  5 11  2],"[0.         0.         0.         0.         0.11707043 0.29267607
 0.64388736 0.11707043]",[2572 4474 4259 3161   77   60   70   64],"[-0.04492188  0.07421875 -0.15820312 -0.87890625 -0.0390625  -0.140625
  0.07226562 -0.32421875]","[0.01171875 1.16992188 1.6796875  1.65625    0.60742188 0.34765625
 0.3203125  0.515625  ]",[0. 0. 0. 0. 0. 0. 0. 0.],background
9,[ 1 25 36 40 13 28  7 13 28],"[0.046875 1.171875 1.6875   1.875    0.609375 1.3125   0.328125 0.609375
 1.3125  ]",[ 0  0  0  0  2  5 11  2  5],"[0.         0.         0.         0.         0.11707043 0.29267607
 0.64388736 0.11707043 0.29267607]",[2568 4469 4300 3156  116   26   39   95   20],"[-0.04492188  0.07421875 -0.15820312 -0.87890625 -0.45703125  0.08203125
  0.08203125 -0.01953125 -0.41015625]","[0.01171875 1.16992188 1.6796875  1.65625    0.40234375 1.31054688
 0.31835938 0.609375   1.24609375]",[0. 0. 0. 0. 0. 0. 0. 0. 0.],background
8,[ 1 25 36 40  9 13  9 13],[0.046875 1.171875 1.6875   1.875    0.421875 0.609375 0.421875 0.609375],[0 0 0 0 2 2 2 2],"[0.         0.         0.         0.         0.11707043 0.11707043
 0.11707043 0.11707043]",[2568 4471 4328 3155   74  135   58  125],"[-0.04492188  0.07421875 -0.15820312 -0.87890625 -0.02734375 -0.41992188
  0.08007812 -0.19140625]","[0.01171875 1.16992188 1.6796875  1.65625    0.421875   0.44335938
 0.4140625  0.578125  ]",[0. 0. 0. 0. 0. 0. 0. 0.],background
7,[ 1 25 36 40 10 13 17],[0.046875 1.171875 1.6875   1.875    0.46875  0.609375 0.796875],[ 0  0  0  0  2  2 -3],"[ 0.          0.          0.          0.          0.11707043  0.11707043
 -0.17560564]",[2568 4471 4332 3168   60  143   31],"[-0.04492188  0.07421875 -0.15820312 -0.87890625 -0.015625   -0.4375
  0.        ]","[0.01171875 1.16992188 1.6796875  1.65625    0.46875    0.42382812
 0.796875  ]",[0. 0. 0. 0. 0. 0. 0.],background
10,[ 1 25 36 40 10 13  9 17 10 13],"[0.046875 1.171875 1.6875   1.875    0.46875  0.609375 0.421875 0.796875
 0.46875  0.609375]",[ 0  0  0  0  2  2  8 -4  2  2],"[ 0.          0.          0.          0.          0.11707043  0.11707043
  0.46828172 -0.23414086  0.11707043  0.11707043]",[2568 4470 4391 3166   66  112   31   30   55  105],"[-0.04492188  0.07421875 -0.15820312 -0.8203125  -0.05859375 -0.24804688
  0.02734375  0.05078125  0.1328125  -0.4765625 ]","[0.01171875 1.16992188 1.6796875  1.68554688 0.46484375 0.55664062
 0.421875   0.79492188 0.44921875 0.38085938]",[0. 0. 0. 0. 0. 0. 0. 0. 0. 0.],background
9,[ 1 25 36 40 11 10 16 11 10],"[0.046875 1.171875 1.6875   1.875    0.515625 0.46875  0.75     0.515625
 0.46875 ]",[ 0  0  0  0  3  7 -3  3  7],"[ 0.          0.          0.          0.          0.17560564  0.4097465
 -0.17560564  0.17560564  0.4097465 ]",[2567 4457 4326 3151   53   44  147   39   38],"[-0.04492188  0.07421875 -0.15820312 -0.87890625  0.03320312 -0.1171875
  0.046875   -0.16210938  0.04492188]","[0.01171875 1.16992188 1.6796875  1.65625    0.515625   0.453125
 0.74804688 0.49023438 0.46679688]",[0. 0. 0. 0. 0. 0. 0. 0. 0.],background
9,[ 1 25 36 40 11 11 15 12 11],"[0.046875 1.171875 1.6875   1.875    0.515625 0.515625 0.703125 0.5625
 0.515625]",[ 0  0  0  0  3  7 -4 -2  7],"[ 0.          0.          0.          0.          0.17560564  0.4097465
 -0.23414086 -0.11707043  0.4097465 ]",[2565 4461 4332 3148   61   48  309   80   47],"[-0.04492188  0.07421875 -0.15820312 -0.87890625  0.03320312  0.04882812
  0.04492188  0.01757812 -0.16210938]","[0.01171875 1.16992188 1.6796875  1.65625    0.515625   0.51367188
 0.70117188 0.5625     0.49023438]",[0. 0. 0. 0. 0. 0. 0. 0. 0.],background
9,[ 1 25 36 40 11 55 16 15 11],"[0.046875 1.171875 1.6875   1.875    0.515625 2.578125 0.75     0.703125
 0.515625]",[ 0  0  0  0  6  7 -6 -3  6],"[ 0.          0.          0.          0.          0.35121129  0.4097465
 -0.35121129 -0.17560564  0.35121129]",[2566 4454 4326 3166  126   22   45  141  123],"[-0.04492188  0.07421875 -0.15820312 -0.8203125  -0.16210938  0.08007812
  0.0234375   0.04492188  0.03320312]","[0.01171875 1.16992188 1.6796875  1.68554688 0.49023438 2.578125
 0.75       0.70117188 0.515625  ]",[0. 0. 0. 0. 0. 0. 0. 0. 0.],background
10,[ 1 25 36 40 11 11 17 15 15 11],"[0.046875 1.171875 1.6875   1.875    0.515625 0.515625 0.796875 0.703125
 0.703125 0.515625]",[  0   0   0   0   3   5 -15  -8  -4   3],"[ 0.          0.          0.          0.          0.17560564  0.29267607
 -0.87802822 -0.46828172 -0.23414086  0.17560564]",[2560 4449 4345 3150   43   95   26   66  268   43],"[-0.04492188  0.07421875 -0.15820312 -0.8203125  -0.12890625 -0.17773438
 -0.09960938  0.          0.04492188  0.19335938]","[0.01171875 1.16992188 1.6796875  1.68554688 0.5        0.484375
 0.79101562 0.703125   0.70117188 0.47851562]",[0. 0. 0. 0. 0. 0. 0. 0. 0. 0.],background
9,[ 1 25 36 40 12 16 14 14 15],"[0.046875 1.171875 1.6875   1.875    0.5625   0.75     0.65625  0.65625
 0.703125]",[  0   0   0   0   3 -23 -10  -6  -3],"[ 0.          0.          0.          0.          0.17560564 -1.34630994
 -0.58535215 -0.35121129 -0.17560564]",[2565 4445 4343 3156   95   66  202  203  153],"[-0.04492188  0.07421875 -0.15820312 -0.87890625 -0.2109375  -0.1171875
  0.          0.02148438  0.06640625]","[0.01171875 1.16992188 1.6796875  1.65625    0.52148438 0.74023438
 0.65625    0.65625    0.69921875]",[0. 0. 0. 0. 0. 0. 0. 0. 0.],background
10,[ 1 25 36 40 12 59 57 57 14 14],"[0.046875 1.171875 1.6875   1.875    0.5625   2.765625 2.671875 2.671875
 0.65625  0.65625 ]",[  0   0   0   0   2   8  21  23 -25 -15],"[ 0.          0.          0.          0.          0.11707043  0.46828172
  1.22923951  1.34630994 -1.46338037 -0.87802822]",[2556 4446 4343 3180  106   27   48   50  136  150],"[-0.04492188  0.07421875 -0.15820312 -0.87890625 -0.17578125  0.17382812
 -0.08398438  0.         -0.08203125  0.02148438]","[0.01171875 1.16992188 1.6796875  1.65625    0.53515625 2.75976562
 2.671875   2.671875   0.65039062 0.65625   ]",[0. 0. 0. 0. 0. 0. 0. 0. 0. 0.],background
10,[ 1 25 36 59 48 13 13 14 39 26],"[0.046875 1.171875 1.6875   2.765625 2.25     0.609375 0.609375 0.65625
 1.828125 1.21875 ]",[  0   0   0   9  19 -24 -15  -7  -4  -3],"[ 0.          0.          0.          0.52681693  1.11216908 -1.40484515
 -0.87802822 -0.4097465  -0.23414086 -0.17560564]",[2554 4446 4265   34   39   39   93   47   31   46],"[-0.04492188  0.07421875 -0.15820312  0.0859375   0.          0.
  0.01953125  0.08203125  0.11523438  0.        ]","[0.01171875 1.16992188 1.6796875  2.76367188 2.25       0.609375
 0.609375   0.65039062 1.82421875 1.21875   ]",[0. 0. 0. 0. 0. 0. 0. 0. 0. 0.],background
9,[ 1 25 36 40 11 13 39 15 15],"[0.046875 1.171875 1.6875   1.875    0.515625 0.609375 1.828125 0.703125
 0.703125]",[  0   0   0   0 -12  -5  -5  -3  -3],"[ 0.          0.          0.          0.         -0.70242258 -0.29267607
 -0.29267607 -0.17560564 -0.17560564]",[2558 4444 4323 3107  114   34   32   42   35],"[-0.04492188  0.07421875 -0.15820312 -0.87890625  0.08007812  0.05664062
  0.05664062  0.41796875  0.68164062]","[0.01171875 1.16992188 1.6796875  1.65625    0.50976562 0.60742188
 1.828125   0.56640625 0.17382812]",[0. 0. 0. 0. 0. 0. 0. 0. 0.],background
10,[ 1 25 36 40 39 11 14 39 11 14],"[0.046875 1.171875 1.6875   1.875    1.828125 0.515625 0.65625  1.828125
 0.515625 0.65625 ]",[ 0  0  0  0  3 -9 -3 -3 -9 -3],"[ 0.          0.          0.          0.          0.17560564 -0.52681693
 -0.17560564 -0.17560564 -0.52681693 -0.17560564]",[2555 4439 4320 3185   27  103   36   28   95   26],"[-0.04492188  0.07421875 -0.15820312 -0.87890625  0.171875    0.2578125
  0.41015625  0.05664062  0.08007812  0.0625    ]","[0.01171875 1.16992188 1.6796875  1.65625    1.8203125  0.44726562
 0.51171875 1.828125   0.50976562 0.65429688]",[0. 0. 0. 0. 0. 0. 0. 0. 0. 0.],background
7,[ 1 25 36 11 14 11 14],[0.046875 1.171875 1.6875   0.515625 0.65625  0.515625 0.65625 ],[ 0  0  0 -6 -3 -6 -3],"[ 0.          0.          0.         -0.35121129 -0.17560564 -0.35121129
 -0.17560564]",[2561 4441 4283  117   54   94   51],"[-0.04492188  0.07421875 -0.15820312 -0.16210938 -0.18554688  0.04882812
  0.53320312]","[0.01171875 1.16992188 1.6796875  0.49023438 0.62890625 0.51367188
 0.3828125 ]",[0. 0. 0. 0. 0. 0. 0.],background
6,[ 1 25 36 10 14 14],[0.046875 1.171875 1.6875   0.46875  0.65625  0.65625 ],[ 0  0  0 -4 -3 -3],[ 0.          0.          0.         -0.23414086 -0.17560564 -0.17560564],[2560 4448 4304  306   59   49],[-0.04492188  0.07421875 -0.15820312  0.015625   -0.20507812  0.5546875 ],[0.01171875 1.16992188 1.6796875  0.46875    0.62304688 0.3515625 ],[0. 0. 0. 0. 0. 0.],background
6,[ 1 25 36 40 10 10],[0.046875 1.171875 1.6875   1.875    0.46875  0.46875 ],[ 0  0  0  0 -3 -3],[ 0.          0.          0.          0.         -0.17560564 -0.17560564],[2557 4440 4363 3164  212  173],[-0.04492188  0.07421875 -0.15820312 -0.87890625 -0.08789062  0.08789062],[0.01171875 1.16992188 1.6796875  1.65625    0.4609375  0.4609375 ],[0. 0. 0. 0. 0. 0.],background
5,[ 1 25 36  9  9],[0.046875 1.171875 1.6875   0.421875 0.421875],[ 0  0  0 -2 -2],[ 0.          0.          0.         -0.11707043 -0.11707043],[2555 4430 4364  167  163],[-0.04492188  0.07421875 -0.15820312  0.06640625 -0.09179688],[0.01171875 1.16992188 1.6796875  0.41601562 0.41210938],[0. 0. 0. 0. 0.],background
5,[ 1 25 36 40  9],[0.046875 1.171875 1.6875   1.875    0.421875],[ 0  0  0  0 -2],[ 0.          0.          0.          0.         -0.11707043],[2551 4420 4243 3185  175],[-0.04492188  0.07421875 -0.15820312 -0.8203125   0.        ],[0.01171875 1.16992188 1.6796875  1.68554688 0.421875  ],[0. 0. 0. 0. 0.],background
3,[ 1 25 36],[0.046875 1.171875 1.6875  ],[0 0 0],[0. 0. 0.],[2554 4420 4367],[-0.04492188  0.07421875 -0.15820312],[0.01171875 1.16992188 1.6796875 ],[0. 0. 0.],background
4,[ 1 25 36 40],[0.046875 1.171875 1.6875   1.875   ],[0 0 0 0],[0. 0. 0. 0.],[2555 4457 4249 3196],[-0.04492188  0.07421875 -0.15820312 -0.8203125 ],[0.01171875 1.16992188 1.6796875  1.68554688],[0. 0. 0. 0.],background
3,[ 1 25 36],[0.046875 1.171875 1.6875  ],[0 0 0],[0. 0. 0.],[2556 4435 4178],[-0.04492188  0.07421875 -0.15820312],[0.01171875 1.16992188 1.6796875 ],[0. 0. 0.],background
3,[ 1 25 36],[0.046875 1.171875 1.6875  ],[0 0 0],[0. 0. 0.],[2554 4424 4316],[-0.04492188  0.07421875 -0.15820312],[0.01171875 1.16992188 1.6796875 ],[0. 0. 0.],background
6,[ 1 25 36  9  9  9],[0.046875 1.171875 1.6875   0.421875 0.421875 0.421875],[ 0  0  0 -5 -2 -2],[ 0.          0.          0.         -0.29267607 -0.11707043 -0.11707043],[2547 4460 4321  274  187  177],[-0.04492188  0.07421875 -0.15820312 -0.08007812  0.1328125  -0.02734375],[0.01171875 1.16992188 1.6796875  0.4140625  0.40039062 0.421875  ],[0. 0. 0. 0. 0. 0.],background
5,[ 1 25 36 40  9],[0.046875 1.171875 1.6875   1.875    0.421875],[ 0  0  0  0 -5],[ 0.          0.          0.          0.         -0.29267607],[2553 4398 4332 3252  329],[-0.04492188  0.07421875 -0.15820312 -0.87890625 -0.09179688],[0.01171875 1.16992188 1.6796875  1.65625    0.41210938],[0. 0. 0. 0. 0.],background
3,[ 1 25 36],[0.046875 1.171875 1.6875  ],[0 0 0],[0. 0. 0.],[2545 4483 4369],[-0.04492188  0.07421875 -0.15820312],[0.01171875 1.16992188 1.6796875 ],[0. 0. 0.],background
7,[ 1 25 36 40  8  9  9],[0.046875 1.171875 1.6875   1.875    0.375    0.421875 0.421875],[ 0  0  0  0 -7 -2 -2],"[ 0.          0.          0.          0.         -0.4097465  -0.11707043
 -0.11707043]",[2544 4383 4266 3211   78  283  222],"[-0.04492188  0.07421875 -0.15820312 -0.8203125  -0.0703125  -0.0390625
 -0.18554688]","[0.01171875 1.16992188 1.6796875  1.68554688 0.36914062 0.41992188
 0.37890625]",[0. 0. 0. 0. 0. 0. 0.],background
6,[ 1 25 36 40  9  9],[0.046875 1.171875 1.6875   1.875    0.421875 0.421875],[ 0  0  0  0 -3 -3],[ 0.          0.          0.          0.         -0.17560564 -0.17560564],[2545 4415 4608 3261  762  597],[-0.04492188  0.07421875 -0.15820312 -0.87890625 -0.0390625  -0.18554688],[0.01171875 1.16992188 1.6796875  1.65625    0.41992188 0.37890625],[0. 0. 0. 0. 0. 0.],background
5,[ 1 25 36 38  8],[0.046875 1.171875 1.6875   1.78125  0.375   ],[ 0  0  0  0 -4],[ 0.          0.          0.          0.         -0.23414086],[2552 4492 4200 3038 1437],[-0.04492188  0.07421875 -0.10546875 -0.22265625 -0.0234375 ],[0.01171875 1.16992188 1.68359375 1.76757812 0.375     ],[0. 0. 0. 0. 0.],background
5,[ 1 25 37  8  8],[0.046875 1.171875 1.734375 0.375    0.375   ],[ 0  0  0 -3 -1],[ 0.          0.          0.         -0.17560564 -0.05853521],[2548 4333 4034 1187  834],[-0.04492188  0.07421875 -0.16210938  0.0234375  -0.03515625],[0.01171875 1.16992188 1.7265625  0.375      0.37304688],[0. 0. 0. 0. 0.],background
4,[ 1  8 25 36],[0.046875 0.375    1.171875 1.6875  ],[0 0 0 0],[0. 0. 0. 0.],[2546 1825 4196 4997],[-0.04492188  0.03515625  0.07421875 -0.10546875],[0.01171875 0.37304688 1.16992188 1.68359375],[0. 0. 0. 0.],background
6,[ 1 25 36 40  7  7],[0.046875 1.171875 1.6875   1.875    0.328125 0.328125],[ 0  0  0  0 -1 -1],[ 0.          0.          0.          0.         -0.05853521 -0.05853521],[2545 4591 4476 3680 1033 1003],[-0.04492188  0.07421875 -0.10546875 -0.8203125  -0.15429688 -0.03125   ],[0.01171875 1.16992188 1.68359375 1.68554688 0.2890625  0.32617188],[0. 0. 0. 0. 0. 0.],background
5,[ 1 25 36 40  8],[0.046875 1.171875 1.6875   1.875    0.375   ],[ 0  0  0  0 -1],[ 0.          0.          0.          0.         -0.05853521],[2546 4402 4965 3744 1098],[-0.04492188  0.07421875 -0.10546875 -0.8203125  -0.046875  ],[0.01171875 1.16992188 1.68359375 1.68554688 0.37304688],[0. 0. 0. 0. 0.],background
5,[ 1  8 25 36 40],[0.046875 0.375    1.171875 1.6875   1.875   ],[0 0 0 0 0],[0. 0. 0. 0. 0.],[2545  901 4529 4766 3554],[-0.04492188  0.0234375   0.07421875 -0.10546875 -0.8203125 ],[0.01171875 0.375      1.16992188 1.68359375 1.68554688],[0. 0. 0. 0. 0.],background
7,[ 1  7 25 38 40  8  7],[0.046875 0.328125 1.171875 1.78125  1.875    0.375    0.328125],[0 0 0 0 0 2 0],"[0.         0.         0.         0.         0.         0.11707043
 0.        ]",[2545  815 4414 2963 3390  567  716],"[-0.04492188 -0.14453125  0.07421875 -0.27929688 -0.8203125  -0.0234375
 -0.02148438]","[0.01171875 0.29492188 1.16992188 1.75976562 1.68554688 0.375
 0.328125  ]",[0. 0. 0. 0. 0. 0. 0.],background
7,[ 1 25 37 40  8  8  8],[0.046875 1.171875 1.734375 1.875    0.375    0.375    0.375   ],[ 0  0  0  0  2  5 15],"[0.         0.         0.         0.         0.11707043 0.29267607
 0.87802822]",[2542 4389 3732 3123  446  138  118],"[-0.04492188  0.07421875 -0.16210938 -0.8203125   0.01171875 -0.01171875
 -0.05859375]","[0.01171875 1.16992188 1.7265625  1.68554688 0.375      0.375
 0.37109375]",[0. 0. 0. 0. 0. 0. 0.],background
4,[ 1 25 37  9],[0.046875 1.171875 1.734375 0.421875],[0 0 0 8],[0.         0.         0.         0.46828172],[2545 4411 3706  129],[-0.04492188  0.07421875 -0.16210938 -0.05273438],[0.01171875 1.16992188 1.7265625  0.41796875],[0. 0. 0. 0.],background
6,[ 1 25 36 40  8  8],[0.046875 1.171875 1.6875   1.875    0.375    0.375   ],[0 0 0 0 1 1],[0.         0.         0.         0.         0.05853521 0.05853521],[2540 4542 4322 3071  408  353],[-0.04492188  0.07421875 -0.15820312 -0.87890625  0.05859375 -0.0703125 ],[0.01171875 1.16992188 1.6796875  1.65625    0.37109375 0.36914062],[0. 0. 0. 0. 0. 0.],background
3,[25 36 40],[1.171875 1.6875   1.875   ],[0 0 0],[0. 0. 0.],[4403 4467 2990],[ 0.07421875 -0.15820312 -0.8203125 ],[1.16992188 1.6796875  1.68554688],[0. 0. 0.],background
5,[ 1 25 36 40  8],[0.046875 1.171875 1.6875   1.875    0.375   ],[0 0 0 0 1],[0.         0.         0.         0.         0.05853521],[2543 4412 4460 3038  567],[-0.04492188  0.07421875 -0.15820312 -0.87890625  0.        ],[0.01171875 1.16992188 1.6796875  1.65625    0.375     ],[0. 0. 0. 0. 0.],background
6,[ 1 25 36 40  8  8],[0.046875 1.171875 1.6875   1.875    0.375    0.375   ],[0 0 0 0 1 1],[0.         0.         0.         0.         0.05853521 0.05853521],[2539 4435 4504 3147  424  341],[-0.04492188  0.07421875 -0.15820312 -0.87890625 -0.0234375  -0.17578125],[0.01171875 1.16992188 1.6796875  1.65625    0.375      0.33203125],[0. 0. 0. 0. 0. 0.],background
6,[ 1 25 37 40  8  8],[0.046875 1.171875 1.734375 1.875    0.375    0.375   ],[0 0 0 0 1 1],[0.         0.         0.         0.         0.05853521 0.05853521],[2540 4435 3847 3119  436  381],[-0.04492188  0.07421875 -0.109375   -0.87890625 -0.046875   -0.17578125],[0.01171875 1.16992188 1.73046875 1.65625    0.37304688 0.33203125],[0. 0. 0. 0. 0. 0.],background
4,[ 1 25 37  8],[0.046875 1.171875 1.734375 0.375   ],[0 0 0 1],[0.         0.         0.         0.05853521],[2539 4405 3861  531],[-0.04492188  0.07421875 -0.109375   -0.0234375 ],[0.01171875 1.16992188 1.73046875 0.375     ],[0. 0. 0. 0.],background
4,[ 1 25 37 40],[0.046875 1.171875 1.734375 1.875   ],[0 0 0 0],[0. 0. 0. 0.],[2537 4413 3851 3061],[-0.04492188  0.07421875 -0.16210938 -0.8203125 ],[0.01171875 1.16992188 1.7265625  1.68554688],[0. 0. 0. 0.],background
5,[ 1 25 37 40  8],[0.046875 1.171875 1.734375 1.875    0.375   ],[ 0  0  0  0 -1],[ 0.          0.          0.          0.         -0.05853521],[2536 4454 3857 3070  354],[-0.04492188  0.07421875 -0.16210938 -0.8203125  -0.0234375 ],[0.01171875 1.16992188 1.7265625  1.68554688 0.375     ],[0. 0. 0. 0. 0.],background
6,[ 1 25 36 40  9  8],[0.046875 1.171875 1.6875   1.875    0.421875 0.375   ],[ 0  0  0  0  3 -1],[ 0.          0.          0.          0.          0.17560564 -0.05853521],[2537 4427 4353 3145   19  589],[-0.04492188  0.07421875 -0.15820312 -0.87890625 -0.0390625  -0.01171875],[0.01171875 1.16992188 1.6796875  1.65625    0.41992188 0.375     ],[0. 0. 0. 0. 0. 0.],background
4,[ 1 25 36 40],[0.046875 1.171875 1.6875   1.875   ],[0 0 0 0],[0. 0. 0. 0.],[2542 4412 4303 3218],[-0.04492188  0.07421875 -0.15820312 -0.8203125 ],[0.01171875 1.16992188 1.6796875  1.68554688],[0. 0. 0. 0.],background
4,[ 1 25 36 40],[0.046875 1.171875 1.6875   1.875   ],[0 0 0 0],[0. 0. 0. 0.],[2533 4387 4255 3205],[-0.04492188  0.07421875 -0.15820312 -0.87890625],[0.01171875 1.16992188 1.6796875  1.65625   ],[0. 0. 0. 0.],background
4,[ 1 25 36 40],[0.046875 1.171875 1.6875   1.875   ],[0 0 0 0],[0. 0. 0. 0.],[2536 4367 4216 3153],[-0.04492188  0.07421875 -0.15820312 -0.87890625],[0.01171875 1.16992188 1.6796875  1.65625   ],[0. 0. 0. 0.],background
4,[ 1 25 36 40],[0.046875 1.171875 1.6875   1.875   ],[0 0 0 0],[0. 0. 0. 0.],[2534 4379 4201 3038],[-0.04492188  0.07421875 -0.15820312 -0.87890625],[0.01171875 1.16992188 1.6796875  1.65625   ],[0. 0. 0. 0.],background
3,[ 1 25 36],[0.046875 1.171875 1.6875  ],[0 0 0],[0. 0. 0.],[2535 4374 4195],[-0.04492188  0.07421875 -0.15820312],[0.01171875 1.16992188 1.6796875 ],[0. 0. 0.],background
4,[ 1 25 36 40],[0.046875 1.171875 1.6875   1.875   ],[0 0 0 0],[0. 0. 0. 0.],[2535 4404 4213 3039],[-0.04492188  0.07421875 -0.15820312 -0.87890625],[0.01171875 1.16992188 1.6796875  1.65625   ],[0. 0. 0. 0.],background
4,[ 1 25 36 40],[0.046875 1.171875 1.6875   1.875   ],[0 0 0 0],[0. 0. 0. 0.],[2540 4415 4216 3100],[-0.04492188  0.07421875 -0.15820312 -0.8203125 ],[0.01171875 1.16992188 1.6796875  1.68554688],[0. 0. 0. 0.],background
4,[ 1 25 36 40],[0.046875 1.171875 1.6875   1.875   ],[0 0 0 0],[0. 0. 0. 0.],[2536 4436 4229 3112],[-0.04492188  0.07421875 -0.15820312 -0.8203125 ],[0.01171875 1.16992188 1.6796875  1.68554688],[0. 0. 0. 0.],background
3,[ 1 25 37],[0.046875 1.171875 1.734375],[0 0 0],[0. 0. 0.],[2543 4446 3674],[-0.04492188  0.07421875 -0.109375  ],[0.01171875 1.16992188 1.73046875],[0. 0. 0.],background
3,[ 1 25 37],[0.046875 1.171875 1.734375],[0 0 0],[0. 0. 0.],[2541 4436 3670],[-0.04492188  0.07421875 -0.109375  ],[0.01171875 1.16992188 1.73046875],[0. 0. 0.],background
3,[ 1 25 37],[0.046875 1.171875 1.734375],[0 0 0],[0. 0. 0.],[2537 4440 3667],[-0.04492188  0.07421875 -0.109375  ],[0.01171875 1.16992188 1.73046875],[0. 0. 0.],background
2,[ 1 25],[0.046875 1.171875],[0 0],[0. 0.],[2535 4440],[-0.04492188  0.07421875],[0.01171875 1.16992188],[0. 0.],background
3,[ 1 25 36],[0.046875 1.171875 1.6875  ],[0 0 0],[0. 0. 0.],[2536 4436 4223],[-0.04492188  0.07421875 -0.15820312],[0.01171875 1.16992188 1.6796875 ],[0. 0. 0.],background
4,[ 1 25 36 40],[0.046875 1.171875 1.6875   1.875   ],[0 0 0 0],[0. 0. 0. 0.],[2528 4420 4226 3123],[-0.04492188  0.07421875 -0.15820312 -0.87890625],[0.01171875 1.16992188 1.6796875  1.65625   ],[0. 0. 0. 0.],background
4,[ 1 25 36 40],[0.046875 1.171875 1.6875   1.875   ],[0 0 0 0],[0. 0. 0. 0.],[2533 4414 4221 3103],[-0.04492188  0.07421875 -0.15820312 -0.87890625],[0.01171875 1.16992188 1.6796875  1.65625   ],[0. 0. 0. 0.],background
4,[ 1 25 36 40],[0.046875 1.171875 1.6875   1.875   ],[0 0 0 0],[0. 0. 0. 0.],[2536 4415 4214 3103],[-0.04492188  0.07421875 -0.15820312 -0.87890625],[0.01171875 1.16992188 1.6796875  1.65625   ],[0. 0. 0. 0.],background
4,[ 1 25 36 40],[0.046875 1.171875 1.6875   1.875   ],[0 0 0 0],[0. 0. 0. 0.],[2533 4412 4208 3084],[-0.04492188  0.07421875 -0.15820312 -0.87890625],[0.01171875 1.16992188 1.6796875  1.65625   ],[0. 0. 0. 0.],background
4,[ 1 25 36 40],[0.046875 1.171875 1.6875   1.875   ],[0 0 0 0],[0. 0. 0. 0.],[2536 4415 4227 3070],[-0.04492188  0.07421875 -0.15820312 -0.87890625],[0.01171875 1.16992188 1.6796875  1.65625   ],[0. 0. 0. 0.],background
4,[ 1 25 36 40],[0.046875 1.171875 1.6875   1.875   ],[0 0 0 0],[0. 0. 0. 0.],[2533 4419 4229 3068],[-0.04492188  0.07421875 -0.15820312 -0.87890625],[0.01171875 1.16992188 1.6796875  1.65625   ],[0. 0. 0. 0.],background
3,[25 36 40],[1.171875 1.6875   1.875   ],[0 0 0],[0. 0. 0.],[4429 4276 3043],[ 0.07421875 -0.15820312 -0.8203125 ],[1.16992188 1.6796875  1.68554688],[0. 0. 0.],background
3,[ 1 25 36],[0.046875 1.171875 1.6875  ],[0 0 0],[0. 0. 0.],[2538 4444 4349],[-0.04492188  0.07421875 -0.15820312],[0.01171875 1.16992188 1.6796875 ],[0. 0. 0.],background
6,[ 1 25 36 40  9  9],[0.046875 1.171875 1.6875   1.875    0.421875 0.421875],[0 0 0 0 3 3],[0.         0.         0.         0.         0.17560564 0.17560564],[2535 4408 4500 3245  260  258],[-0.04492188  0.07421875 -0.15820312 -0.8203125   0.         -0.171875  ],[0.01171875 1.16992188 1.6796875  1.68554688 0.421875   0.38476562],[0. 0. 0. 0. 0. 0.],background
6,[ 1 25 36  9  9  9],[0.046875 1.171875 1.6875   0.421875 0.421875 0.421875],[ 0  0  0  1  3 -1],[ 0.          0.          0.          0.05853521  0.17560564 -0.05853521],[2534 4385 4870  921 1009 1253],[-0.04492188  0.07421875 -0.10546875  0.         -0.02734375 -0.02734375],[0.01171875 1.16992188 1.68359375 0.421875   0.421875   0.421875  ],[0. 0. 0. 0. 0. 0.],background
6,[ 9 25 36  9  9  9],[0.421875 1.171875 1.6875   0.421875 0.421875 0.421875],[ 0  0  0 -1  0 -1],[ 0.          0.          0.         -0.05853521  0.         -0.05853521],[1771 4303 4947 2921 1673 2653],[-0.02734375  0.07421875 -0.10546875 -0.02734375 -0.18554688 -0.18554688],[0.421875   1.16992188 1.68359375 0.421875   0.37890625 0.37890625],[0. 0. 0. 0. 0. 0.],background
5,[ 1 25 36  9  9],[0.046875 1.171875 1.6875   0.421875 0.421875],[ 0  0  0 -2 -2],[ 0.          0.          0.         -0.11707043 -0.11707043],[2530 4471 4712  931  747],[-0.04492188  0.07421875 -0.10546875 -0.19726562  0.18554688],[0.01171875 1.16992188 1.68359375 0.37304688 0.37890625],[0. 0. 0. 0. 0.],background
5,[ 1 25 36  9  9],[0.046875 1.171875 1.6875   0.421875 0.421875],[ 0  0  0 -1 -1],[ 0.          0.          0.         -0.05853521 -0.05853521],[2533 4456 4556 1283 1233],[-0.04492188  0.07421875 -0.10546875 -0.18554688 -0.02734375],[0.01171875 1.16992188 1.68359375 0.37890625 0.421875  ],[0. 0. 0. 0. 0.],background
5,[ 1 25 36  9  9],[0.046875 1.171875 1.6875   0.421875 0.421875],[0 0 0 1 1],[0.         0.         0.         0.05853521 0.05853521],[2534 4373 4427  790  635],[-0.04492188  0.07421875 -0.15820312 -0.02734375 -0.18554688],[0.01171875 1.16992188 1.6796875  0.421875   0.37890625],[0. 0. 0. 0. 0.],background
6,[ 1 25 36 38  9  9],[0.046875 1.171875 1.6875   1.78125  0.421875 0.421875],[0 0 0 0 1 1],[0.         0.         0.         0.         0.05853521 0.05853521],[2534 4341 4331 3179  795  744],[-0.04492188  0.07421875 -0.15820312 -0.22265625 -0.0390625  -0.19726562],[0.01171875 1.16992188 1.6796875  1.76757812 0.41992188 0.37304688],[0. 0. 0. 0. 0. 0.],background
5,[ 1 25 38  9  9],[0.046875 1.171875 1.78125  0.421875 0.421875],[0 0 0 1 1],[0.         0.         0.         0.05853521 0.05853521],[2537 4355 3176 1115  958],[-0.04492188  0.07421875 -0.22265625 -0.18554688 -0.02734375],[0.01171875 1.16992188 1.76757812 0.37890625 0.421875  ],[0. 0. 0. 0. 0.],background
5,[ 1  9 25 36  9],[0.046875 0.421875 1.171875 1.6875   0.421875],[0 0 0 0 0],[0. 0. 0. 0. 0.],[2536 1077 4399 4494  893],[-0.04492188 -0.19726562  0.07421875 -0.10546875  0.19726562],[0.01171875 0.37304688 1.16992188 1.68359375 0.37304688],[0. 0. 0. 0. 0.],background
5,[ 1  9 25 37  9],[0.046875 0.421875 1.171875 1.734375 0.421875],[0 0 0 0 0],[0. 0. 0. 0. 0.],[2530  773 4359 3735  736],[-0.04492188  0.171875    0.07421875 -0.16210938 -0.09179688],[0.01171875 0.38476562 1.16992188 1.7265625  0.41210938],[0. 0. 0. 0. 0.],background
6,[ 1  9 25 38 40  9],[0.046875 0.421875 1.171875 1.78125  1.875    0.421875],[0 0 0 0 0 0],[0. 0. 0. 0. 0. 0.],[2536 1252 4319 3074 3372  999],[-0.04492188 -0.05273438  0.07421875 -0.22265625 -0.8203125  -0.19726562],[0.01171875 0.41796875 1.16992188 1.76757812 1.68554688 0.37304688],[0. 0. 0. 0. 0. 0.],background
6,[ 1  9 25 38 40  9],[0.046875 0.421875 1.171875 1.78125  1.875    0.421875],[ 0  0  0  0  0 -1],[ 0.          0.          0.          0.          0.         -0.05853521],[2532  806 4309 3075 3362  967],[-0.04492188 -0.01367188  0.07421875 -0.22265625 -0.8203125  -0.02734375],[0.01171875 0.421875   1.16992188 1.76757812 1.68554688 0.421875  ],[0. 0. 0. 0. 0. 0.],background
4,[ 1 25 38 40],[0.046875 1.171875 1.78125  1.875   ],[0 0 0 0],[0. 0. 0. 0.],[2536 4333 3078 3378],[-0.04492188  0.07421875 -0.27929688 -0.8203125 ],[0.01171875 1.16992188 1.75976562 1.68554688],[0. 0. 0. 0.],background
4,[ 1 25 38 40],[0.046875 1.171875 1.78125  1.875   ],[0 0 0 0],[0. 0. 0. 0.],[2535 4361 3089 3415],[-0.04492188  0.07421875 -0.27929688 -0.8203125 ],[0.01171875 1.16992188 1.75976562 1.68554688],[0. 0. 0. 0.],background
5,[ 1  9 25 38  9],[0.046875 0.421875 1.171875 1.78125  0.421875],[0 0 0 0 0],[0. 0. 0. 0. 0.],[2532  796 4400 3071  691],[-0.04492188  0.19726562  0.07421875 -0.27929688 -0.171875  ],[0.01171875 0.37304688 1.16992188 1.75976562 0.38476562],[0. 0. 0. 0. 0.],background
4,[ 1  9 25 38],[0.046875 0.421875 1.171875 1.78125 ],[0 0 0 0],[0. 0. 0. 0.],[2531  811 4429 2982],[-0.04492188  0.          0.07421875 -0.27929688],[0.01171875 0.421875   1.16992188 1.75976562],[0. 0. 0. 0.],background
6,[ 1  9 25 38 40  9],[0.046875 0.421875 1.171875 1.78125  1.875    0.421875],[0 0 0 0 0 0],[0. 0. 0. 0. 0. 0.],[2530  651 4409 2952 3429  581],[-0.04492188  0.01367188  0.07421875 -0.27929688 -0.8203125  -0.15820312],[0.01171875 0.421875   1.16992188 1.75976562 1.68554688 0.390625  ],[0. 0. 0. 0. 0. 0.],background
5,[ 1  9 25 38 40],[0.046875 0.421875 1.171875 1.78125  1.875   ],[0 0 0 0 0],[0. 0. 0. 0. 0.],[2529  777 4441 2837 3454],[-0.04492188 -0.02734375  0.07421875 -0.27929688 -0.8203125 ],[0.01171875 0.421875   1.16992188 1.75976562 1.68554688],[0. 0. 0. 0. 0.],background
4,[ 9 25 38 40],[0.421875 1.171875 1.78125  1.875   ],[0 0 0 0],[0. 0. 0. 0.],[ 775 4414 2730 3446],[ 0.0390625   0.07421875 -0.27929688 -0.8203125 ],[0.41992188 1.16992188 1.75976562 1.68554688],[0. 0. 0. 0.],background
5,[ 1 25 36 38 40],[0.046875 1.171875 1.6875   1.78125  1.875   ],[0 0 0 0 0],[0. 0. 0. 0. 0.],[2527 4441 3819 2609 3297],[-0.04492188  0.07421875 -0.15820312 -0.27929688 -0.8203125 ],[0.01171875 1.16992188 1.6796875  1.75976562 1.68554688],[0. 0. 0. 0. 0.],background
5,[ 1  9 25 36 40],[0.046875 0.421875 1.171875 1.6875   1.875   ],[0 0 0 0 0],[0. 0. 0. 0. 0.],[2529 1022 4413 3968 3251],[-0.04492188  0.0390625   0.07421875 -0.15820312 -0.8203125 ],[0.01171875 0.41992188 1.16992188 1.6796875  1.68554688],[0. 0. 0. 0. 0.],background
5,[ 1  9 25 36 40],[0.046875 0.421875 1.171875 1.6875   1.875   ],[0 0 0 0 0],[0. 0. 0. 0. 0.],[2522 1086 4307 4200 3222],[-0.04492188 -0.02734375  0.07421875 -0.15820312 -0.8203125 ],[0.01171875 0.421875   1.16992188 1.6796875  1.68554688],[0. 0. 0. 0. 0.],background
4,[ 1 25 36 40],[0.046875 1.171875 1.6875   1.875   ],[0 0 0 0],[0. 0. 0. 0.],[2528 4392 4493 3192],[-0.04492188  0.07421875 -0.15820312 -0.8203125 ],[0.01171875 1.16992188 1.6796875  1.68554688],[0. 0. 0. 0.],background
4,[ 1 25 36 40],[0.046875 1.171875 1.6875   1.875   ],[0 0 0 0],[0. 0. 0. 0.],[2527 4488 4382 3187],[-0.04492188  0.07421875 -0.15820312 -0.8203125 ],[0.01171875 1.16992188 1.6796875  1.68554688],[0. 0. 0. 0.],background
4,[ 1 25 40  9],[0.046875 1.171875 1.875    0.421875],[ 0  0  0 -4],[ 0.          0.          0.         -0.23414086],[2526 4383 3204  178],[-0.04492188  0.07421875 -0.8203125  -0.05273438],[0.01171875 1.16992188 1.68554688 0.41796875],[0. 0. 0. 0.],background
7,[ 1 25 36 40  9  9  9],[0.046875 1.171875 1.6875   1.875    0.421875 0.421875 0.421875],[ 0  0  0  0  3 -3  3],"[ 0.          0.          0.          0.          0.17560564 -0.17560564
  0.17560564]",[2521 4380 4243 3111   51  164   45],"[-0.04492188  0.07421875 -0.15820312 -0.8203125  -0.0390625  -0.06640625
 -0.2109375 ]","[0.01171875 1.16992188 1.6796875  1.68554688 0.41992188 0.41601562
 0.36523438]",[0. 0. 0. 0. 0. 0. 0.],background
5,[ 1 25 36 40  9],[0.046875 1.171875 1.6875   1.875    0.421875],[ 0  0  0  0 -2],[ 0.          0.          0.          0.         -0.11707043],[2524 4425 4126 3076  266],[-0.04492188  0.07421875 -0.15820312 -0.8203125  -0.02734375],[0.01171875 1.16992188 1.6796875  1.68554688 0.421875  ],[0. 0. 0. 0. 0.],background
4,[ 1 25 36 40],[0.046875 1.171875 1.6875   1.875   ],[0 0 0 0],[0. 0. 0. 0.],[2524 4364 4113 3132],[-0.04492188  0.07421875 -0.15820312 -0.8203125 ],[0.01171875 1.16992188 1.6796875  1.68554688],[0. 0. 0. 0.],background
4,[ 1 25 36 40],[0.046875 1.171875 1.6875   1.875   ],[0 0 0 0],[0. 0. 0. 0.],[2523 4360 4194 3151],[-0.04492188  0.07421875 -0.15820312 -0.8203125 ],[0.01171875 1.16992188 1.6796875  1.68554688],[0. 0. 0. 0.],background
3,[25 36 40],[1.171875 1.6875   1.875   ],[0 0 0],[0. 0. 0.],[4376 4236 3160],[ 0.07421875 -0.15820312 -0.87890625],[1.16992188 1.6796875  1.65625   ],[0. 0. 0.],background
2,[25 36],[1.171875 1.6875  ],[0 0],[0. 0.],[4418 4271],[ 0.07421875 -0.15820312],[1.16992188 1.6796875 ],[0. 0.],background
3,[ 1 25 36],[0.046875 1.171875 1.6875  ],[0 0 0],[0. 0. 0.],[2524 4404 4289],[-0.04492188  0.07421875 -0.15820312],[0.01171875 1.16992188 1.6796875 ],[0. 0. 0.],background
3,[ 1 25 36],[0.046875 1.171875 1.6875  ],[0 0 0],[0. 0. 0.],[2520 4359 4216],[-0.04492188  0.07421875 -0.15820312],[0.01171875 1.16992188 1.6796875 ],[0. 0. 0.],background
3,[ 1 25 36],[0.046875 1.171875 1.6875  ],[0 0 0],[0. 0. 0.],[2520 4365 4257],[-0.04492188  0.07421875 -0.15820312],[0.01171875 1.16992188 1.6796875 ],[0. 0. 0.],background
3,[ 1 25 36],[0.046875 1.171875 1.6875  ],[0 0 0],[0. 0. 0.],[2520 4382 4291],[-0.04492188  0.07421875 -0.15820312],[0.01171875 1.16992188 1.6796875 ],[0. 0. 0.],background
3,[ 1 25 36],[0.046875 1.171875 1.6875  ],[0 0 0],[0. 0. 0.],[2522 4385 4303],[-0.04492188  0.07421875 -0.15820312],[0.01171875 1.16992188 1.6796875 ],[0. 0. 0.],background
3,[ 1 25 36],[0.046875 1.171875 1.6875  ],[0 0 0],[0. 0. 0.],[2522 4370 4278],[-0.04492188  0.07421875 -0.15820312],[0.01171875 1.16992188 1.6796875 ],[0. 0. 0.],background
3,[ 1 25 36],[0.046875 1.171875 1.6875  ],[0 0 0],[0. 0. 0.],[2521 4384 4297],[-0.04492188  0.07421875 -0.15820312],[0.01171875 1.16992188 1.6796875 ],[0. 0. 0.],background
4,[ 1 25 36 40],[0.046875 1.171875 1.6875   1.875   ],[0 0 0 0],[0. 0. 0. 0.],[2518 4365 4268 3076],[-0.04492188  0.07421875 -0.15820312 -0.8203125 ],[0.01171875 1.16992188 1.6796875  1.68554688],[0. 0. 0. 0.],background
4,[ 1 25 36 40],[0.046875 1.171875 1.6875   1.875   ],[0 0 0 0],[0. 0. 0. 0.],[2521 4347 4210 3131],[-0.04492188  0.07421875 -0.15820312 -0.8203125 ],[0.01171875 1.16992188 1.6796875  1.68554688],[0. 0. 0. 0.],background
3,[ 1 25 36],[0.046875 1.171875 1.6875  ],[0 0 0],[0. 0. 0.],[2520 4368 4142],[-0.04492188  0.07421875 -0.15820312],[0.01171875 1.16992188 1.6796875 ],[0. 0. 0.],background
3,[ 1 25 36],[0.046875 1.171875 1.6875  ],[0 0 0],[0. 0. 0.],[2519 4395 4188],[-0.04492188  0.07421875 -0.15820312],[0.01171875 1.16992188 1.6796875 ],[0. 0. 0.],background
3,[ 1 25 36],[0.046875 1.171875 1.6875  ],[0 0 0],[0. 0. 0.],[2522 4420 4217],[-0.04492188  0.07421875 -0.15820312],[0.01171875 1.16992188 1.6796875 ],[0. 0. 0.],background
3,[ 1 25 36],[0.046875 1.171875 1.6875  ],[0 0 0],[0. 0. 0.],[2521 4411 4186],[-0.04492188  0.07421875 -0.15820312],[0.01171875 1.16992188 1.6796875 ],[0. 0. 0.],background
3,[ 1 25 36],[0.046875 1.171875 1.6875  ],[0 0 0],[0. 0. 0.],[2521 4404 4162],[-0.04492188  0.07421875 -0.15820312],[0.01171875 1.16992188 1.6796875 ],[0. 0. 0.],background
4,[ 1 25 36  8],[0.046875 1.171875 1.6875   0.375   ],[0 0 0 6],[0.         0.         0.         0.35121129],[2519 4354 4309  140],[-0.04492188  0.07421875 -0.15820312 -0.08203125],[0.01171875 1.16992188 1.6796875  0.36523438],[0. 0. 0. 0.],background
4,[ 1 25 36  9],[0.046875 1.171875 1.6875   0.421875],[0 0 0 3],[0.         0.         0.         0.17560564],[2521 4375 4378   92],[-0.04492188  0.07421875 -0.15820312 -0.06640625],[0.01171875 1.16992188 1.6796875  0.41601562],[0. 0. 0. 0.],background
5,[ 1 25 36 40  8],[0.046875 1.171875 1.6875   1.875    0.375   ],[0 0 0 0 3],[0.         0.         0.         0.         0.17560564],[2529 4429 4427 3157  310],[-0.04492188  0.07421875 -0.15820312 -0.8203125  -0.046875  ],[0.01171875 1.16992188 1.6796875  1.68554688 0.37304688],[0. 0. 0. 0. 0.],background
8,[ 1 25 38 40  8  8  8  8],[0.046875 1.171875 1.78125  1.875    0.375    0.375    0.375    0.375   ],[0 0 0 0 3 6 3 6],"[0.         0.         0.         0.         0.17560564 0.35121129
 0.17560564 0.35121129]",[2525 4336 2757 3630  329  533  291  467],"[-0.04492188  0.07421875 -0.27929688 -0.8203125  -0.03515625 -0.03515625
 -0.1875     -0.17578125]","[0.01171875 1.16992188 1.75976562 1.68554688 0.37304688 0.37304688
 0.32421875 0.33203125]",[0. 0. 0. 0. 0. 0. 0. 0.],background
5,[ 1 25 36  9  8],[0.046875 1.171875 1.6875   0.421875 0.375   ],[ 0  0  0  4 -1],[ 0.          0.          0.          0.23414086 -0.05853521],[2525 4389 4741 1181  324],[-0.04492188  0.07421875 -0.10546875 -0.02734375  0.01171875],[0.01171875 1.16992188 1.68359375 0.421875   0.375     ],[0. 0. 0. 0. 0.],background
4,[ 1 25 36  9],[0.046875 1.171875 1.6875   0.421875],[0 0 0 1],[0.         0.         0.         0.05853521],[2522 4403 4791 1991],[-0.04492188  0.07421875 -0.10546875 -0.0390625 ],[0.01171875 1.16992188 1.68359375 0.41992188],[0. 0. 0. 0.],background
4,[ 1  9 25 36],[0.046875 0.421875 1.171875 1.6875  ],[0 0 0 0],[0. 0. 0. 0.],[2523 1423 4313 4811],[-0.04492188 -0.02734375  0.07421875 -0.10546875],[0.01171875 0.421875   1.16992188 1.68359375],[0. 0. 0. 0.],background
5,[ 1  9 25 36 40],[0.046875 0.421875 1.171875 1.6875   1.875   ],[0 0 0 0 0],[0. 0. 0. 0. 0.],[2518  968 4373 4887 3177],[-0.04492188 -0.08007812  0.07421875 -0.10546875 -0.8203125 ],[0.01171875 0.4140625  1.16992188 1.68359375 1.68554688],[0. 0. 0. 0. 0.],background
6,[ 1  9 25 36 40  9],[0.046875 0.421875 1.171875 1.6875   1.875    0.421875],[0 0 0 0 0 0],[0. 0. 0. 0. 0. 0.],[2521 1820 4360 4830 3168 1403],[-0.04492188 -0.06640625  0.07421875 -0.10546875 -0.8203125  -0.18554688],[0.01171875 0.41601562 1.16992188 1.68359375 1.68554688 0.37890625],[0. 0. 0. 0. 0. 0.],background
5,[ 1  9 25 36 40],[0.046875 0.421875 1.171875 1.6875   1.875   ],[0 0 0 0 0],[0. 0. 0. 0. 0.],[2520  916 4356 4859 3241],[-0.04492188  0.          0.07421875 -0.10546875 -0.8203125 ],[0.01171875 0.421875   1.16992188 1.68359375 1.68554688],[0. 0. 0. 0. 0.],background
6,[ 1  9 25 36 40  9],[0.046875 0.421875 1.171875 1.6875   1.875    0.421875],[0 0 0 0 0 0],[0. 0. 0. 0. 0. 0.],[2525 2149 4345 4861 3244 1581],[-0.04492188  0.18554688  0.07421875 -0.10546875 -0.8203125  -0.2109375 ],[0.01171875 0.37890625 1.16992188 1.68359375 1.68554688 0.36523438],[0. 0. 0. 0. 0. 0.],background
4,[ 9 25 36 40],[0.421875 1.171875 1.6875   1.875   ],[0 0 0 0],[0. 0. 0. 0.],[2494 4279 4808 3295],[ 0.          0.07421875 -0.10546875 -0.8203125 ],[0.421875   1.16992188 1.68359375 1.68554688],[0. 0. 0. 0.],background
5,[ 9 25 36 40  9],[0.421875 1.171875 1.6875   1.875    0.421875],[0 0 0 0 0],[0. 0. 0. 0. 0.],[3381 4310 4852 3253 2702],[-0.18554688  0.07421875 -0.10546875 -0.8203125  -0.02734375],[0.37890625 1.16992188 1.68359375 1.68554688 0.421875  ],[0. 0. 0. 0. 0.],background
5,[ 9 25 36 40  9],[0.421875 1.171875 1.6875   1.875    0.421875],[0 0 0 0 0],[0. 0. 0. 0. 0.],[3153 4333 4857 3208 2534],[-0.18554688  0.07421875 -0.10546875 -0.8203125  -0.0390625 ],[0.37890625 1.16992188 1.68359375 1.68554688 0.41992188],[0. 0. 0. 0. 0.],background
5,[ 1  9 25 36 40],[0.046875 0.421875 1.171875 1.6875   1.875   ],[0 0 0 0 0],[0. 0. 0. 0. 0.],[2524 2181 4387 4781 3184],[-0.04492188 -0.171875    0.07421875 -0.10546875 -0.8203125 ],[0.01171875 0.38476562 1.16992188 1.68359375 1.68554688],[0. 0. 0. 0. 0.],background
5,[ 9 25 36 40  9],[0.421875 1.171875 1.6875   1.875    0.421875],[0 0 0 0 0],[0. 0. 0. 0. 0.],[3025 4400 4656 3191 2920],[-0.18554688  0.07421875 -0.10546875 -0.8203125  -0.02734375],[0.37890625 1.16992188 1.68359375 1.68554688 0.421875  ],[0. 0. 0. 0. 0.],background
7,[ 1  9 25 36  9  9  9],[0.046875 0.421875 1.171875 1.6875   0.421875 0.421875 0.421875],[ 0  0  0  0 -2  0 -2],"[ 0.          0.          0.          0.         -0.11707043  0.
 -0.11707043]",[2525  906 4402 4612  738  671  703],"[-0.04492188  0.01367188  0.07421875 -0.10546875 -0.19726562  0.18554688
 -0.05273438]","[0.01171875 0.421875   1.16992188 1.68359375 0.37304688 0.37890625
 0.41796875]",[0. 0. 0. 0. 0. 0. 0.],background
5,[ 9 25 36  9  9],[0.421875 1.171875 1.6875   0.421875 0.421875],[ 0  0  0 -3 -3],[ 0.          0.          0.         -0.17560564 -0.17560564],[1812 4376 4560 1028  751],[-0.01367188  0.07421875 -0.10546875 -0.19726562  0.18554688],[0.421875   1.16992188 1.68359375 0.37304688 0.37890625],[0. 0. 0. 0. 0.],background
7,[ 1  9 25 38 40  9  9],[0.046875 0.421875 1.171875 1.78125  1.875    0.421875 0.421875],[ 0  0  0  0  0 -2  0],"[ 0.          0.          0.          0.          0.         -0.11707043
  0.        ]",[2527  523 4389 2925 3389  754  479],"[-0.04492188 -0.19726562  0.07421875 -0.27929688 -0.8203125  -0.01367188
  0.        ]","[0.01171875 0.37304688 1.16992188 1.75976562 1.68554688 0.421875
 0.421875  ]",[0. 0. 0. 0. 0. 0. 0.],background
6,[ 1  9 25 38 40  8],[0.046875 0.421875 1.171875 1.78125  1.875    0.375   ],[ 0  0  0  0  0 -3],[ 0.          0.          0.          0.          0.         -0.17560564],[2524  657 4400 2577 3330  582],[-0.04492188 -0.01367188  0.07421875 -0.27929688 -0.8203125  -0.01171875],[0.01171875 0.421875   1.16992188 1.75976562 1.68554688 0.375     ],[0. 0. 0. 0. 0. 0.],background
7,[ 1 25 36 40  9  8  8],[0.046875 1.171875 1.6875   1.875    0.421875 0.375    0.375   ],[ 0  0  0  0  1 -1 -1],"[ 0.          0.          0.          0.          0.05853521 -0.05853521
 -0.05853521]",[2520 4270 4348 3096  533  606  478],"[-0.04492188  0.07421875 -0.15820312 -0.8203125   0.         -0.046875
 -0.1875    ]","[0.01171875 1.16992188 1.6796875  1.68554688 0.421875   0.37304688
 0.32421875]",[0. 0. 0. 0. 0. 0. 0.],background
3,[ 1 25 37],[0.046875 1.171875 1.734375],[0 0 0],[0. 0. 0.],[2526 4360 3465],[-0.04492188  0.07421875 -0.109375  ],[0.01171875 1.16992188 1.73046875],[0. 0. 0.],background
4,[ 1 25 37  9],[0.046875 1.171875 1.734375 0.421875],[ 0  0  0 -6],[ 0.          0.          0.         -0.35121129],[2524 4363 3684   99],[-0.04492188  0.07421875 -0.16210938 -0.08007812],[0.01171875 1.16992188 1.7265625  0.4140625 ],[0. 0. 0. 0.],background
4,[ 1 25 37  9],[0.046875 1.171875 1.734375 0.421875],[ 0  0  0 -2],[ 0.          0.          0.         -0.11707043],[2528 4350 3676  264],[-0.04492188  0.07421875 -0.16210938  0.02734375],[0.01171875 1.16992188 1.7265625  0.421875  ],[0. 0. 0. 0.],background
4,[ 1 25 37  8],[0.046875 1.171875 1.734375 0.375   ],[0 0 0 2],[0.         0.         0.         0.11707043],[2525 4397 3687  152],[-0.04492188  0.07421875 -0.16210938 -0.03515625],[0.01171875 1.16992188 1.7265625  0.37304688],[0. 0. 0. 0.],background
4,[ 1 25 37  9],[0.046875 1.171875 1.734375 0.421875],[ 0  0  0 -1],[ 0.          0.          0.         -0.05853521],[2522 4390 3567  548],[-0.04492188  0.07421875 -0.16210938 -0.05273438],[0.01171875 1.16992188 1.7265625  0.41796875],[0. 0. 0. 0.],background
3,[ 1 25 38],[0.046875 1.171875 1.78125 ],[0 0 0],[0. 0. 0.],[2522 4377 2751],[-0.04492188  0.07421875 -0.22265625],[0.01171875 1.16992188 1.76757812],[0. 0. 0.],background
2,[ 1 25],[0.046875 1.171875],[0 0],[0. 0.],[2518 4399],[-0.04492188  0.07421875],[0.01171875 1.16992188],[0. 0.],background
2,[25 36],[1.171875 1.6875  ],[0 0],[0. 0.],[4380 4161],[ 0.07421875 -0.15820312],[1.16992188 1.6796875 ],[0. 0.],background
2,[25 36],[1.171875 1.6875  ],[0 0],[0. 0.],[4385 4180],[ 0.07421875 -0.15820312],[1.16992188 1.6796875 ],[0. 0.],background
2,[ 1 25],[0.046875 1.171875],[0 0],[0. 0.],[2515 4397],[-0.04492188  0.07421875],[0.01171875 1.16992188],[0. 0.],background
3,[ 1 25 36],[0.046875 1.171875 1.6875  ],[0 0 0],[0. 0. 0.],[2518 4396 4082],[-0.04492188  0.07421875 -0.15820312],[0.01171875 1.16992188 1.6796875 ],[0. 0. 0.],background
2,[ 1 25],[0.046875 1.171875],[0 0],[0. 0.],[2520 4396],[-0.04492188  0.07421875],[0.01171875 1.16992188],[0. 0.],background
3,[ 1 25 36],[0.046875 1.171875 1.6875  ],[0 0 0],[0. 0. 0.],[2517 4393 4037],[-0.04492188  0.07421875 -0.15820312],[0.01171875 1.16992188 1.6796875 ],[0. 0. 0.],background
2,[25 36],[1.171875 1.6875  ],[0 0],[0. 0.],[4392 4059],[ 0.07421875 -0.15820312],[1.16992188 1.6796875 ],[0. 0.],background
3,[ 1 25 36],[0.046875 1.171875 1.6875  ],[0 0 0],[0. 0. 0.],[2513 4396 4052],[-0.04492188  0.07421875 -0.15820312],[0.01171875 1.16992188 1.6796875 ],[0. 0. 0.],background
3,[ 1 25 36],[0.046875 1.171875 1.6875  ],[0 0 0],[0. 0. 0.],[2508 4394 4060],[-0.04492188  0.07421875 -0.15820312],[0.01171875 1.16992188 1.6796875 ],[0. 0. 0.],background
3,[ 1 25 36],[0.046875 1.171875 1.6875  ],[0 0 0],[0. 0. 0.],[2512 4395 4043],[-0.04492188  0.07421875 -0.15820312],[0.01171875 1.16992188 1.6796875 ],[0. 0. 0.],background
3,[ 1 25 36],[0.046875 1.171875 1.6875  ],[0 0 0],[0. 0. 0.],[2514 4397 4031],[-0.04492188  0.07421875 -0.15820312],[0.01171875 1.16992188 1.6796875 ],[0. 0. 0.],background
3,[ 1 25 36],[0.046875 1.171875 1.6875  ],[0 0 0],[0. 0. 0.],[2511 4396 4037],[-0.04492188  0.07421875 -0.15820312],[0.01171875 1.16992188 1.6796875 ],[0. 0. 0.],background
3,[ 1 25 36],[0.046875 1.171875 1.6875  ],[0 0 0],[0. 0. 0.],[2515 4397 4070],[-0.04492188  0.07421875 -0.15820312],[0.01171875 1.16992188 1.6796875 ],[0. 0. 0.],background
3,[ 1 25 36],[0.046875 1.171875 1.6875  ],[0 0 0],[0. 0. 0.],[2513 4397 4077],[-0.04492188  0.07421875 -0.15820312],[0.01171875 1.16992188 1.6796875 ],[0. 0. 0.],background
3,[ 1 25 36],[0.046875 1.171875 1.6875  ],[0 0 0],[0. 0. 0.],[2512 4394 4087],[-0.04492188  0.07421875 -0.15820312],[0.01171875 1.16992188 1.6796875 ],[0. 0. 0.],background
3,[ 1 25 36],[0.046875 1.171875 1.6875  ],[0 0 0],[0. 0. 0.],[2508 4393 4091],[-0.04492188  0.07421875 -0.15820312],[0.01171875 1.16992188 1.6796875 ],[0. 0. 0.],background
3,[ 1 25 36],[0.046875 1.171875 1.6875  ],[0 0 0],[0. 0. 0.],[2511 4392 4051],[-0.04492188  0.07421875 -0.15820312],[0.01171875 1.16992188 1.6796875 ],[0. 0. 0.],background
3,[ 1 25 36],[0.046875 1.171875 1.6875  ],[0 0 0],[0. 0. 0.],[2510 4386 3990],[-0.04492188  0.07421875 -0.15820312],[0.01171875 1.16992188 1.6796875 ],[0. 0. 0.],background
4,[ 1 25 36 38],[0.046875 1.171875 1.6875   1.78125 ],[0 0 0 0],[0. 0. 0. 0.],[2513 4375 3934 2842],[-0.04492188  0.07421875 -0.15820312 -0.22265625],[0.01171875 1.16992188 1.6796875  1.76757812],[0. 0. 0. 0.],background
4,[ 1 25 38  9],[0.046875 1.171875 1.78125  0.421875],[0 0 0 5],[0.         0.         0.         0.29267607],[2511 4361 2865   38],[-0.04492188  0.07421875 -0.22265625 -0.05273438],[0.01171875 1.16992188 1.76757812 0.41796875],[0. 0. 0. 0.],background
4,[ 1 25 36  8],[0.046875 1.171875 1.6875   0.375   ],[ 0  0  0 -3],[ 0.          0.          0.         -0.17560564],[2509 4358 4044   48],[-0.04492188  0.07421875 -0.15820312 -0.046875  ],[0.01171875 1.16992188 1.6796875  0.37304688],[0. 0. 0. 0.],background
4,[ 1 25 38  8],[0.046875 1.171875 1.78125  0.375   ],[0 0 0 5],[0.         0.         0.         0.29267607],[2513 4342 2537  304],[-0.04492188  0.07421875 -0.27929688 -0.03515625],[0.01171875 1.16992188 1.75976562 0.37304688],[0. 0. 0. 0.],background
4,[ 1 25 38  9],[0.046875 1.171875 1.78125  0.421875],[0 0 0 2],[0.         0.         0.         0.11707043],[2513 4401 2913  704],[-0.04492188  0.07421875 -0.27929688 -0.02734375],[0.01171875 1.16992188 1.75976562 0.421875  ],[0. 0. 0. 0.],background
4,[ 1 25 36  9],[0.046875 1.171875 1.6875   0.421875],[0 0 0 2],[0.         0.         0.         0.11707043],[2513 4382 4727 1074],[-0.04492188  0.07421875 -0.10546875  0.01367188],[0.01171875 1.16992188 1.68359375 0.421875  ],[0. 0. 0. 0.],background
4,[ 1 25 36  9],[0.046875 1.171875 1.6875   0.421875],[0 0 0 1],[0.         0.         0.         0.05853521],[2513 4297 4752 1865],[-0.04492188  0.07421875 -0.10546875  0.        ],[0.01171875 1.16992188 1.68359375 0.421875  ],[0. 0. 0. 0.],background
6,[ 1  9 25 36 40  9],[0.046875 0.421875 1.171875 1.6875   1.875    0.421875],[0 0 0 0 0 0],[0. 0. 0. 0. 0. 0.],[2514 1892 4299 4769 3307 1740],[-0.04492188 -0.19726562  0.07421875 -0.10546875 -0.87890625 -0.05273438],[0.01171875 0.37304688 1.16992188 1.68359375 1.65625    0.41796875],[0. 0. 0. 0. 0. 0.],background
5,[ 1  9 25 36  9],[0.046875 0.421875 1.171875 1.6875   0.421875],[0 0 0 0 0],[0. 0. 0. 0. 0.],[2509 1893 4289 4725 1487],[-0.04492188  0.          0.07421875 -0.10546875 -0.15820312],[0.01171875 0.421875   1.16992188 1.68359375 0.390625  ],[0. 0. 0. 0. 0.],background
5,[ 1  9 25 36  9],[0.046875 0.421875 1.171875 1.6875   0.421875],[0 0 0 0 0],[0. 0. 0. 0. 0.],[2509 2489 4257 4765 2132],[-0.04492188  0.          0.07421875 -0.10546875 -0.14453125],[0.01171875 0.421875   1.16992188 1.68359375 0.39648438],[0. 0. 0. 0. 0.],background
4,[ 9 25 36  9],[0.421875 1.171875 1.6875   0.421875],[0 0 0 0],[0. 0. 0. 0.],[3101 4260 4735 2223],[ 0.          0.07421875 -0.10546875 -0.14453125],[0.421875   1.16992188 1.68359375 0.39648438],[0. 0. 0. 0.],background
3,[ 9 25 36],[0.421875 1.171875 1.6875  ],[0 0 0],[0. 0. 0.],[4716 4252 4717],[-0.01367188  0.07421875 -0.10546875],[0.421875   1.16992188 1.68359375],[0. 0. 0.],background
3,[ 9 25 36],[0.421875 1.171875 1.6875  ],[0 0 0],[0. 0. 0.],[4628 4250 4716],[-0.02734375  0.07421875 -0.10546875],[0.421875   1.16992188 1.68359375],[0. 0. 0.],background
4,[ 1  9 25 36],[0.046875 0.421875 1.171875 1.6875  ],[0 0 0 0],[0. 0. 0. 0.],[2515 2428 4252 4741],[-0.04492188 -0.0390625   0.07421875 -0.10546875],[0.01171875 0.41992188 1.16992188 1.68359375],[0. 0. 0. 0.],background
5,[ 1  9 25 36  9],[0.046875 0.421875 1.171875 1.6875   0.421875],[0 0 0 0 0],[0. 0. 0. 0. 0.],[2516 1543 4257 4749 1312],[-0.04492188 -0.171875    0.07421875 -0.10546875 -0.02734375],[0.01171875 0.38476562 1.16992188 1.68359375 0.421875  ],[0. 0. 0. 0. 0.],background
5,[ 1  9 25 36 40],[0.046875 0.421875 1.171875 1.6875   1.875   ],[0 0 0 0 0],[0. 0. 0. 0. 0.],[2514 2716 4253 4781 3043],[-0.04492188  0.          0.07421875 -0.10546875 -0.8203125 ],[0.01171875 0.421875   1.16992188 1.68359375 1.68554688],[0. 0. 0. 0. 0.],background
5,[ 1  9 25 36 40],[0.046875 0.421875 1.171875 1.6875   1.875   ],[0 0 0 0 0],[0. 0. 0. 0. 0.],[2514 1686 4261 4777 3043],[-0.04492188  0.          0.07421875 -0.10546875 -0.8203125 ],[0.01171875 0.421875   1.16992188 1.68359375 1.68554688],[0. 0. 0. 0. 0.],background
6,[ 9 25 37 40  9  9],[0.421875 1.171875 1.734375 1.875    0.421875 0.421875],[ 0  0  0  0 -3  0],[ 0.          0.          0.          0.         -0.17560564  0.        ],[ 581 4346 3792 3191  564  463],[ 0.          0.07421875 -0.109375   -0.87890625 -0.15820312 -0.15820312],[0.421875   1.16992188 1.73046875 1.65625    0.390625   0.390625  ],[0. 0. 0. 0. 0. 0.],background
5,[ 9 25 38 40  9],[0.421875 1.171875 1.78125  1.875    0.421875],[0 0 0 0 0],[0. 0. 0. 0. 0.],[ 855 4398 3076 3212  630],[-0.14453125  0.07421875 -0.22265625 -0.87890625  0.        ],[0.39648438 1.16992188 1.76757812 1.65625    0.421875  ],[0. 0. 0. 0. 0.],background
8,[ 1  9 25 38 40  8  9  8],[0.046875 0.421875 1.171875 1.78125  1.875    0.375    0.421875 0.375   ],[ 0  0  0  0  0 -2  0 -2],"[ 0.          0.          0.          0.          0.         -0.11707043
  0.         -0.11707043]",[2510  996 4269 2850 3194  714  840  639],"[-0.04492188  0.05273438  0.07421875 -0.27929688 -0.8203125  -0.03515625
 -0.09179688 -0.1640625 ]","[0.01171875 0.41796875 1.16992188 1.75976562 1.68554688 0.37304688
 0.41210938 0.33789062]",[0. 0. 0. 0. 0. 0. 0. 0.],background
5,[ 1  9 25 38 40],[0.046875 0.421875 1.171875 1.78125  1.875   ],[0 0 0 0 0],[0. 0. 0. 0. 0.],[2513  943 4505 2768 3148],[-0.04492188  0.02734375  0.07421875 -0.27929688 -0.8203125 ],[0.01171875 0.421875   1.16992188 1.75976562 1.68554688],[0. 0. 0. 0. 0.],background
2,[25 37],[1.171875 1.734375],[0 0],[0. 0.],[4324 3958],[ 0.07421875 -0.109375  ],[1.16992188 1.73046875],[0. 0.],background
4,[ 1 25 37  9],[0.046875 1.171875 1.734375 0.421875],[ 0  0  0 -1],[ 0.          0.          0.         -0.05853521],[2505 4326 3784  520],[-0.04492188  0.07421875 -0.16210938 -0.02734375],[0.01171875 1.16992188 1.7265625  0.421875  ],[0. 0. 0. 0.],background
3,[ 1 25 37],[0.046875 1.171875 1.734375],[0 0 0],[0. 0. 0.],[2507 4349 3848],[-0.04492188  0.07421875 -0.16210938],[0.01171875 1.16992188 1.7265625 ],[0. 0. 0.],background
3,[ 1 25 37],[0.046875 1.171875 1.734375],[0 0 0],[0. 0. 0.],[2511 4389 3803],[-0.04492188  0.07421875 -0.109375  ],[0.01171875 1.16992188 1.73046875],[0. 0. 0.],background
3,[ 1 25 36],[0.046875 1.171875 1.6875  ],[0 0 0],[0. 0. 0.],[2509 4374 4388],[-0.04492188  0.07421875 -0.15820312],[0.01171875 1.16992188 1.6796875 ],[0. 0. 0.],background
4,[ 1 25 36 40],[0.046875 1.171875 1.6875   1.875   ],[0 0 0 0],[0. 0. 0. 0.],[2512 4372 4314 3053],[-0.04492188  0.07421875 -0.15820312 -0.87890625],[0.01171875 1.16992188 1.6796875  1.65625   ],[0. 0. 0. 0.],background
3,[ 1 25 40],[0.046875 1.171875 1.875   ],[0 0 0],[0. 0. 0.],[2515 4375 3077],[-0.04492188  0.07421875 -0.87890625],[0.01171875 1.16992188 1.65625   ],[0. 0. 0.],background
3,[ 1 25 40],[0.046875 1.171875 1.875   ],[0 0 0],[0. 0. 0.],[2513 4390 3106],[-0.04492188  0.07421875 -0.87890625],[0.01171875 1.16992188 1.65625   ],[0. 0. 0.],background
1,[25],[1.171875],[0],[0.],[4394],[0.07421875],[1.16992188],[0.],background
2,[25 36],[1.171875 1.6875  ],[0 0],[0. 0.],[4395 4207],[ 0.07421875 -0.15820312],[1.16992188 1.6796875 ],[0. 0.],background
4,[ 1 25 36  9],[0.046875 1.171875 1.6875   0.421875],[ 0  0  0 -1],[ 0.          0.          0.         -0.05853521],[2517 4402 4306  388],[-0.04492188  0.07421875 -0.15820312  0.01367188],[0.01171875 1.16992188 1.6796875  0.421875  ],[0. 0. 0. 0.],background
3,[ 1 25 36],[0.046875 1.171875 1.6875  ],[0 0 0],[0. 0. 0.],[2512 4375 4300],[-0.04492188  0.07421875 -0.15820312],[0.01171875 1.16992188 1.6796875 ],[0. 0. 0.],background
4,[ 1 25 36 40],[0.046875 1.171875 1.6875   1.875   ],[0 0 0 0],[0. 0. 0. 0.],[2510 4362 4250 3146],[-0.04492188  0.07421875 -0.15820312 -0.8203125 ],[0.01171875 1.16992188 1.6796875  1.68554688],[0. 0. 0. 0.],background
4,[ 1 25 36 40],[0.046875 1.171875 1.6875   1.875   ],[0 0 0 0],[0. 0. 0. 0.],[2511 4361 4249 3158],[-0.04492188  0.07421875 -0.15820312 -0.8203125 ],[0.01171875 1.16992188 1.6796875  1.68554688],[0. 0. 0. 0.],background
3,[ 1 25 36],[0.046875 1.171875 1.6875  ],[0 0 0],[0. 0. 0.],[2514 4360 4256],[-0.04492188  0.07421875 -0.15820312],[0.01171875 1.16992188 1.6796875 ],[0. 0. 0.],background
2,[25 36],[1.171875 1.6875  ],[0 0],[0. 0.],[4357 4243],[ 0.07421875 -0.15820312],[1.16992188 1.6796875 ],[0. 0.],background
2,[25 36],[1.171875 1.6875  ],[0 0],[0. 0.],[4363 4239],[ 0.07421875 -0.15820312],[1.16992188 1.6796875 ],[0. 0.],background
2,[25 36],[1.171875 1.6875  ],[0 0],[0. 0.],[4353 4240],[ 0.07421875 -0.15820312],[1.16992188 1.6796875 ],[0. 0.],background
3,[25 36 40],[1.171875 1.6875   1.875   ],[0 0 0],[0. 0. 0.],[4347 4226 3086],[ 0.07421875 -0.15820312 -0.8203125 ],[1.16992188 1.6796875  1.68554688],[0. 0. 0.],background
4,[ 1 25 36 40],[0.046875 1.171875 1.6875   1.875   ],[0 0 0 0],[0. 0. 0. 0.],[2512 4356 4158 3056],[-0.04492188  0.07421875 -0.15820312 -0.8203125 ],[0.01171875 1.16992188 1.6796875  1.68554688],[0. 0. 0. 0.],background
3,[ 1 25 36],[0.046875 1.171875 1.6875  ],[0 0 0],[0. 0. 0.],[2513 4372 4133],[-0.04492188  0.07421875 -0.15820312],[0.01171875 1.16992188 1.6796875 ],[0. 0. 0.],background
4,[ 1 25 36 40],[0.046875 1.171875 1.6875   1.875   ],[0 0 0 0],[0. 0. 0. 0.],[2511 4377 4122 3087],[-0.04492188  0.07421875 -0.15820312 -0.8203125 ],[0.01171875 1.16992188 1.6796875  1.68554688],[0. 0. 0. 0.],background
4,[ 1 25 36 40],[0.046875 1.171875 1.6875   1.875   ],[0 0 0 0],[0. 0. 0. 0.],[2507 4373 4131 3131],[-0.04492188  0.07421875 -0.15820312 -0.8203125 ],[0.01171875 1.16992188 1.6796875  1.68554688],[0. 0. 0. 0.],background
1,[25],[1.171875],[0],[0.],[4377],[0.07421875],[1.16992188],[0.],background
3,[ 1 25 37],[0.046875 1.171875 1.734375],[0 0 0],[0. 0. 0.],[2514 4388 3595],[-0.04492188  0.07421875 -0.109375  ],[0.01171875 1.16992188 1.73046875],[0. 0. 0.],background
3,[ 1 25 37],[0.046875 1.171875 1.734375],[0 0 0],[0. 0. 0.],[2511 4387 3633],[-0.04492188  0.07421875 -0.109375  ],[0.01171875 1.16992188 1.73046875],[0. 0. 0.],background
3,[ 1 25 37],[0.046875 1.171875 1.734375],[0 0 0],[0. 0. 0.],[2511 4388 3722],[-0.04492188  0.07421875 -0.109375  ],[0.01171875 1.16992188 1.73046875],[0. 0. 0.],background
2,[25 37],[1.171875 1.734375],[0 0],[0. 0.],[4380 3764],[ 0.07421875 -0.109375  ],[1.16992188 1.73046875],[0. 0.],background
3,[ 1 25 37],[0.046875 1.171875 1.734375],[0 0 0],[0. 0. 0.],[2507 4378 3786],[-0.04492188  0.07421875 -0.109375  ],[0.01171875 1.16992188 1.73046875],[0. 0. 0.],background
2,[25 37],[1.171875 1.734375],[0 0],[0. 0.],[4382 3751],[ 0.07421875 -0.16210938],[1.16992188 1.7265625 ],[0. 0.],background
3,[ 1 25 37],[0.046875 1.171875 1.734375],[0 0 0],[0. 0. 0.],[2507 4380 3737],[-0.04492188  0.07421875 -0.16210938],[0.01171875 1.16992188 1.7265625 ],[0. 0. 0.],background
3,[ 1 25 37],[0.046875 1.171875 1.734375],[0 0 0],[0. 0. 0.],[2512 4382 3748],[-0.04492188  0.07421875 -0.16210938],[0.01171875 1.16992188 1.7265625 ],[0. 0. 0.],background
3,[ 1 25 37],[0.046875 1.171875 1.734375],[0 0 0],[0. 0. 0.],[2513 4386 3738],[-0.04492188  0.07421875 -0.109375  ],[0.01171875 1.16992188 1.73046875],[0. 0. 0.],background
3,[ 1 25 37],[0.046875 1.171875 1.734375],[0 0 0],[0. 0. 0.],[2513 4389 3685],[-0.04492188  0.07421875 -0.109375  ],[0.01171875 1.16992188 1.73046875],[0. 0. 0.],background
3,[ 1 25 37],[0.046875 1.171875 1.734375],[0 0 0],[0. 0. 0.],[2511 4390 3641],[-0.04492188  0.07421875 -0.109375  ],[0.01171875 1.16992188 1.73046875],[0. 0. 0.],background
2,[25 37],[1.171875 1.734375],[0 0],[0. 0.],[4388 3624],[ 0.07421875 -0.109375  ],[1.16992188 1.73046875],[0. 0.],background
3,[ 1 25 36],[0.046875 1.171875 1.6875  ],[0 0 0],[0. 0. 0.],[2510 4389 4171],[-0.04492188  0.07421875 -0.15820312],[0.01171875 1.16992188 1.6796875 ],[0. 0. 0.],background
3,[ 1 25 36],[0.046875 1.171875 1.6875  ],[0 0 0],[0. 0. 0.],[2507 4383 4158],[-0.04492188  0.07421875 -0.15820312],[0.01171875 1.16992188 1.6796875 ],[0. 0. 0.],background
4,[ 1 25 37 40],[0.046875 1.171875 1.734375 1.875   ],[0 0 0 0],[0. 0. 0. 0.],[2509 4380 3592 3152],[-0.04492188  0.07421875 -0.16210938 -0.8203125 ],[0.01171875 1.16992188 1.7265625  1.68554688],[0. 0. 0. 0.],background
4,[ 1 25 36 40],[0.046875 1.171875 1.6875   1.875   ],[0 0 0 0],[0. 0. 0. 0.],[2512 4382 4157 3151],[-0.04492188  0.07421875 -0.15820312 -0.8203125 ],[0.01171875 1.16992188 1.6796875  1.68554688],[0. 0. 0. 0.],background
4,[ 1 25 36 40],[0.046875 1.171875 1.6875   1.875   ],[0 0 0 0],[0. 0. 0. 0.],[2505 4369 4158 3135],[-0.04492188  0.07421875 -0.15820312 -0.8203125 ],[0.01171875 1.16992188 1.6796875  1.68554688],[0. 0. 0. 0.],background
4,[ 1 25 37 40],[0.046875 1.171875 1.734375 1.875   ],[0 0 0 0],[0. 0. 0. 0.],[2509 4379 3627 3151],[-0.04492188  0.07421875 -0.109375   -0.8203125 ],[0.01171875 1.16992188 1.73046875 1.68554688],[0. 0. 0. 0.],background
3,[25 37 40],[1.171875 1.734375 1.875   ],[0 0 0],[0. 0. 0.],[4372 3628 3144],[ 0.07421875 -0.109375   -0.8203125 ],[1.16992188 1.73046875 1.68554688],[0. 0. 0.],background
4,[ 1 25 37 40],[0.046875 1.171875 1.734375 1.875   ],[0 0 0 0],[0. 0. 0. 0.],[2505 4376 3622 3126],[-0.04492188  0.07421875 -0.109375   -0.8203125 ],[0.01171875 1.16992188 1.73046875 1.68554688],[0. 0. 0. 0.],background
4,[ 1 25 37 40],[0.046875 1.171875 1.734375 1.875   ],[0 0 0 0],[0. 0. 0. 0.],[2505 4377 3618 3110],[-0.04492188  0.07421875 -0.109375   -0.8203125 ],[0.01171875 1.16992188 1.73046875 1.68554688],[0. 0. 0. 0.],background
3,[ 1 25 37],[0.046875 1.171875 1.734375],[0 0 0],[0. 0. 0.],[2504 4371 3618],[-0.04492188  0.07421875 -0.109375  ],[0.01171875 1.16992188 1.73046875],[0. 0. 0.],background
2,[25 37],[1.171875 1.734375],[0 0],[0. 0.],[4370 3629],[ 0.07421875 -0.109375  ],[1.16992188 1.73046875],[0. 0.],background
4,[ 1 25 36 37],[0.046875 1.171875 1.6875   1.734375],[0 0 0 0],[0. 0. 0. 0.],[2505 4357 4181 3643],[-0.04492188  0.07421875 -0.15820312 -0.109375  ],[0.01171875 1.16992188 1.6796875  1.73046875],[0. 0. 0. 0.],background
2,[25 36],[1.171875 1.6875  ],[0 0],[0. 0.],[4354 4184],[ 0.07421875 -0.15820312],[1.16992188 1.6796875 ],[0. 0.],background
2,[25 36],[1.171875 1.6875  ],[0 0],[0. 0.],[4356 4189],[ 0.07421875 -0.15820312],[1.16992188 1.6796875 ],[0. 0.],background
3,[ 1 25 36],[0.046875 1.171875 1.6875  ],[0 0 0],[0. 0. 0.],[2507 4360 4188],[-0.04492188  0.07421875 -0.15820312],[0.01171875 1.16992188 1.6796875 ],[0. 0. 0.],background
3,[ 1 25 36],[0.046875 1.171875 1.6875  ],[0 0 0],[0. 0. 0.],[2507 4361 4179],[-0.04492188  0.07421875 -0.15820312],[0.01171875 1.16992188 1.6796875 ],[0. 0. 0.],background
3,[25 36 40],[1.171875 1.6875   1.875   ],[0 0 0],[0. 0. 0.],[4360 4151 3080],[ 0.07421875 -0.15820312 -0.8203125 ],[1.16992188 1.6796875  1.68554688],[0. 0. 0.],background
4,[ 1 25 36 40],[0.046875 1.171875 1.6875   1.875   ],[0 0 0 0],[0. 0. 0. 0.],[2508 4363 4150 3117],[-0.04492188  0.07421875 -0.15820312 -0.8203125 ],[0.01171875 1.16992188 1.6796875  1.68554688],[0. 0. 0. 0.],background
4,[ 1 25 36 40],[0.046875 1.171875 1.6875   1.875   ],[0 0 0 0],[0. 0. 0. 0.],[2506 4374 4162 3118],[-0.04492188  0.07421875 -0.15820312 -0.8203125 ],[0.01171875 1.16992188 1.6796875  1.68554688],[0. 0. 0. 0.],background
4,[ 1 25 36 40],[0.046875 1.171875 1.6875   1.875   ],[0 0 0 0],[0. 0. 0. 0.],[2506 4368 4162 3101],[-0.04492188  0.07421875 -0.15820312 -0.8203125 ],[0.01171875 1.16992188 1.6796875  1.68554688],[0. 0. 0. 0.],background
4,[ 1 25 36 40],[0.046875 1.171875 1.6875   1.875   ],[0 0 0 0],[0. 0. 0. 0.],[2506 4339 4175 3080],[-0.04492188  0.07421875 -0.15820312 -0.8203125 ],[0.01171875 1.16992188 1.6796875  1.68554688],[0. 0. 0. 0.],background
4,[ 1 25 36 40],[0.046875 1.171875 1.6875   1.875   ],[0 0 0 0],[0. 0. 0. 0.],[2509 4360 4192 3097],[-0.04492188  0.07421875 -0.15820312 -0.8203125 ],[0.01171875 1.16992188 1.6796875  1.68554688],[0. 0. 0. 0.],background
4,[ 1 25 36 40],[0.046875 1.171875 1.6875   1.875   ],[0 0 0 0],[0. 0. 0. 0.],[2510 4373 4172 3090],[-0.04492188  0.07421875 -0.15820312 -0.8203125 ],[0.01171875 1.16992188 1.6796875  1.68554688],[0. 0. 0. 0.],background
4,[ 1 25 36 40],[0.046875 1.171875 1.6875   1.875   ],[0 0 0 0],[0. 0. 0. 0.],[2511 4364 4184 3093],[-0.04492188  0.07421875 -0.15820312 -0.8203125 ],[0.01171875 1.16992188 1.6796875  1.68554688],[0. 0. 0. 0.],background
4,[ 1 25 36 40],[0.046875 1.171875 1.6875   1.875   ],[0 0 0 0],[0. 0. 0. 0.],[2508 4361 4184 3099],[-0.04492188  0.07421875 -0.15820312 -0.8203125 ],[0.01171875 1.16992188 1.6796875  1.68554688],[0. 0. 0. 0.],background
3,[25 36 40],[1.171875 1.6875   1.875   ],[0 0 0],[0. 0. 0.],[4351 4175 3104],[ 0.07421875 -0.15820312 -0.8203125 ],[1.16992188 1.6796875  1.68554688],[0. 0. 0.],background
4,[ 1 25 36 40],[0.046875 1.171875 1.6875   1.875   ],[0 0 0 0],[0. 0. 0. 0.],[2504 4340 4167 3096],[-0.04492188  0.07421875 -0.15820312 -0.8203125 ],[0.01171875 1.16992188 1.6796875  1.68554688],[0. 0. 0. 0.],background
4,[ 1 25 36 40],[0.046875 1.171875 1.6875   1.875   ],[0 0 0 0],[0. 0. 0. 0.],[2503 4330 4170 3076],[-0.04492188  0.07421875 -0.15820312 -0.8203125 ],[0.01171875 1.16992188 1.6796875  1.68554688],[0. 0. 0. 0.],background
4,[ 1 25 36 40],[0.046875 1.171875 1.6875   1.875   ],[0 0 0 0],[0. 0. 0. 0.],[2506 4357 4187 3106],[-0.04492188  0.07421875 -0.15820312 -0.8203125 ],[0.01171875 1.16992188 1.6796875  1.68554688],[0. 0. 0. 0.],background
5,[ 1 25 37 40  8],[0.046875 1.171875 1.734375 1.875    0.375   ],[ 0  0  0  0 -1],[ 0.          0.          0.          0.         -0.05853521],[2508 4332 3668 3093  833],[-0.04492188  0.07421875 -0.16210938 -0.8203125   0.01171875],[0.01171875 1.16992188 1.7265625  1.68554688 0.375     ],[0. 0. 0. 0. 0.],background
4,[ 1 25 36 40],[0.046875 1.171875 1.6875   1.875   ],[0 0 0 0],[0. 0. 0. 0.],[2500 4524 4095 2974],[-0.04492188  0.07421875 -0.15820312 -0.8203125 ],[0.01171875 1.16992188 1.6796875  1.68554688],[0. 0. 0. 0.],background
4,[ 1 25 36 40],[0.046875 1.171875 1.6875   1.875   ],[0 0 0 0],[0. 0. 0. 0.],[2503 4531 4087 2971],[-0.04492188  0.07421875 -0.15820312 -0.8203125 ],[0.01171875 1.16992188 1.6796875  1.68554688],[0. 0. 0. 0.],background
3,[25 36 40],[1.171875 1.6875   1.875   ],[0 0 0],[0. 0. 0.],[4520 4103 2981],[ 0.07421875 -0.15820312 -0.8203125 ],[1.16992188 1.6796875  1.68554688],[0. 0. 0.],background
3,[ 1 25 37],[0.046875 1.171875 1.734375],[0 0 0],[0. 0. 0.],[2504 4514 3846],[-0.04492188  0.07421875 -0.109375  ],[0.01171875 1.16992188 1.73046875],[0. 0. 0.],background
